Height_cm,Previous_Injury_Count,Knee_Strength_Score,Hamstring_Flexibility,Reaction_Time_ms,Balance_Test_Score,Sprint_Speed_10m_s,Agility_Score,Sleep_Hours_Per_Night,Stress_Level_Score,Nutrition_Quality_Score,Warmup_Routine_Adherence,Position_Goalkeeper,Position_Midfielder
0.7926717728791258,-0.41181602664020217,-0.9571696920009224,-0.14353294799179697,-0.24373901420778385,-0.9014955187234843,0.03386281453884555,1.7888280799255267,-0.26011968345979114,0.37937356348498497,-1.4949634367214755,0.8207558512517694,-0.5503922202313595,-0.6023802870458702
-0.7680199379020168,-0.41181602664020217,0.48093133006103983,-0.9003179796551987,-0.7827021116086006,0.9577391901956149,0.4908173375050312,-0.9971240665705791,0.9867964388197421,2.099432740683887,0.9616421607973122,0.8207558512517694,1.8168861463551327,-0.6023802870458702
-1.619306325600822,1.8052285313151257,-0.9128708283924989,-1.8102488925030014,0.7567966194806157,-1.776270070964065,-1.3932666096860258,-2.4816235777897684,0.3858530867289723,-0.3798332476497871,1.2150323502962534,0.8207558512517694,-0.5503922202313595,-0.6023802870458702
1.0764339021120608,-0.41181602664020217,-1.1117811138393152,-0.7231217277956188,-0.7275023565882559,-0.24317037931004334,-0.055475096303964376,-0.8956493916153504,-0.881329108379062,1.3953133825543569,-0.8287255354462179,-1.218389120802316,-0.5503922202313595,-0.6023802870458702
-1.0517820671349518,0.47500179654192903,-0.6310621105861681,0.21169476000442047,-1.5032018872333983,1.1454167723482958,-0.5924247512107182,1.7657657471678914,0.8801024992322918,-0.017997512160160416,1.3260235232594977,-1.218389120802316,-0.5503922202313595,1.6600808849573983
-0.2004956794361468,-0.41181602664020217,0.7556272575507301,-0.052909071038905485,0.3853343453426222,-0.30238522801901657,-0.8473073027336586,0.31724527831086824,0.4373932924162953,0.5380028367473695,-0.7959615692692377,-1.218389120802316,1.8168861463551327,-0.6023802870458702
0.08326644979678824,-1.2986338498223333,1.8394041148127094,1.4341021173475699,-0.8289274200021718,0.9994341037401597,-0.14073724498785237,1.5148697277407155,0.15161351809325807,-1.1911352589187605,0.7796130502530542,0.8207558512517694,-0.5503922202313595,-0.6023802870458702
-0.4842578086690818,-1.2986338498223333,-1.234218511192001,2.2010920336470687,-1.0954512090114883,1.1294132892428204,1.5753317396227413,-0.5460037350492893,0.1969848935709948,-0.023951540289354326,1.3110173857680998,0.8207558512517694,-0.5503922202313595,-0.6023802870458702
-0.2004956794361468,0.47500179654192903,1.4852871440680906,0.6575793764804755,-0.28559768623496035,1.218137093687767,0.591596506680343,-0.025116277780838126,-0.9804066579878121,0.05746263395580834,1.4069308726858656,0.8207558512517694,-0.5503922202313595,1.6600808849573983
0.22514751441325576,-1.2986338498223333,-0.009720554475740257,-0.5772653060600322,0.9812416835837495,-0.06857851121013152,0.6811922764580869,-0.03652230815980956,-1.9994416064014513,0.397638883566658,-0.5390106342348917,-1.218389120802316,-0.5503922202313595,1.6600808849573983
0.9345528374955934,0.47500179654192903,-1.6595865865409771,0.2211094321667685,-0.4024233518051435,0.2709839230570215,-0.029315176962824138,-0.23539437932103724,-0.39950710135515927,0.8243434766350409,-0.9101748736158226,-1.218389120802316,-0.5503922202313595,-0.6023802870458702
0.6507907082626583,-0.41181602664020217,0.11720809498005907,-0.31609031554395817,-0.844945388840294,0.7845838673396813,-0.21183389698019467,0.5364685454791154,1.3690768638446418,-1.0971107662180075,-0.3074158923947473,-1.218389120802316,1.8168861463551327,-0.6023802870458702
-0.6261388732855493,0.47500179654192903,-1.2079420474315432,-0.5250041178010286,-0.2397916071769817,-0.49524551424959545,0.7351949419796914,-0.2402524941158815,0.37649709975462864,0.7727829847494366,0.6574621124705267,-1.218389120802316,-0.5503922202313595,-0.6023802870458702
-1.4774252609843543,1.8052285313151257,-0.8710736777416258,-0.5625051641677363,0.21512292914482609,-1.6953868400917451,1.1065218896402296,-0.8129043144722651,0.9668062594526609,1.040163935180729,0.2518921842192079,0.8207558512517694,-0.5503922202313595,1.6600808849573983
0.7926717728791258,-0.41181602664020217,0.25428040186349066,1.5407776316210675,-1.5685922828601186,0.40097431914533277,0.5334198672343189,0.40023171083923736,-0.18448224044939143,-1.5878446162700874,1.2533923726478877,0.8207558512517694,-0.5503922202313595,-0.6023802870458702
-0.7680199379020168,0.47500179654192903,0.8161484001941401,-1.3590295097639078,-0.2907150583348157,-0.6902257080474212,-0.5726180935243679,-0.3981818498086007,0.00788849187780517,1.5457942938751787,-2.0586548533435445,0.8207558512517694,1.8168861463551327,-0.6023802870458702
-0.3423767440526143,0.47500179654192903,1.1235513001147417,0.40049121964291307,0.7222878279531993,0.831571355386833,1.1185037547972612,0.6708734437099546,1.4245948296748931,-1.0943992680210586,1.0228599820624522,0.8207558512517694,-0.5503922202313595,-0.6023802870458702
-0.9099010025184844,-1.2986338498223333,0.534577203273404,-1.6941553020774487,-0.34233113420233974,-0.29805576243290005,-0.34613024248664653,-1.6700629640671734,0.2168267369711605,0.9535109388998942,-0.11151662382279127,-1.218389120802316,1.8168861463551327,-0.6023802870458702
-0.2004956794361468,1.3618196197240602,-0.4231988258913958,0.678468505239198,0.9864299592876393,0.47053209529488876,0.30674574221850753,0.4669913161680993,-0.1902579547192961,-0.8881236199012983,0.40933403284933806,-1.218389120802316,-0.5503922202313595,-0.6023802870458702
-0.6261388732855493,1.3618196197240602,0.04783107353048131,-0.8256816028820098,1.1163986724987447,-0.3712408236967526,0.6059616221589541,-0.39688204154361256,0.08704271698619584,-0.06744869308756964,-0.7289732889679352,-1.218389120802316,-0.5503922202313595,-0.6023802870458702
2.5661850805849697,1.8052285313151257,-0.04705049464414541,-1.5032755129436528,1.1581948962428716,0.043066022835307485,-2.1262931884282135,1.4246443456891407,-1.089381243402523,-0.7461935248406648,-0.101712044766537,0.8207558512517694,-0.5503922202313595,-0.6023802870458702
-0.2004956794361468,-1.2986338498223333,0.5265308075608894,-0.2654130783110997,0.9394432861835091,0.2507811538222531,0.35920610576253237,0.6920740753495767,-0.6473088626190436,-0.9297301725297529,1.1132655671484728,0.8207558512517694,-0.5503922202313595,-0.6023802870458702
1.2183149667285285,-0.41181602664020217,-1.3344121960042306,0.31236057010758245,-0.6058984883850268,-0.8090948280983327,-0.21485352742971872,0.2610226409925943,-0.7425340244510605,0.637684868654488,-0.26806880702893543,-1.218389120802316,-0.5503922202313595,-0.6023802870458702
0.6507907082626583,0.47500179654192903,-1.2042601361802188,1.9725532851528607,-0.020075161784030526,0.7080120308469287,-0.8825126558122033,1.1433798378056412,-0.22023995868506474,0.6499351457999694,-0.9111218223997415,0.8207558512517694,-0.5503922202313595,-0.6023802870458702
-1.4774252609843543,0.47500179654192903,0.3397432705916382,0.544666116529925,0.5656753431576732,-0.5724352175990839,-1.498689314277735,-0.129519878595687,-0.03861765543217849,0.27480812838695273,0.24233207739213802,-1.218389120802316,-0.5503922202313595,-0.6023802870458702
0.08326644979678824,-1.2986338498223333,0.005398137435845111,-0.3001779904126594,0.5452824925981411,-0.12210538194250455,-1.574290385505189,-0.021896688311947063,-0.18182775957356648,0.4728218809287514,-0.42707457276480454,-1.218389120802316,-0.5503922202313595,-0.6023802870458702
-0.7680199379020168,-0.41181602664020217,-0.9616135586707312,0.7286320310734237,1.5013920419424163,-0.46025850234423504,-0.3059776651921961,-0.22921923253855334,-0.40807751787392293,1.4001669730260569,0.1839322127482233,-1.218389120802316,-0.5503922202313595,-0.6023802870458702
0.08326644979678824,-0.41181602664020217,0.6187869470688143,-0.2715279013677863,-1.4763364043516427,0.492145346842993,0.985688487507854,-0.9103119153475036,0.3982823598772522,-0.0026233957842848434,-0.591942675211785,0.8207558512517694,-0.5503922202313595,-0.6023802870458702
-0.3423767440526143,-0.41181602664020217,-1.1238100325267888,0.5442949957827423,-0.03728286627473694,-2.8369778305596247,-1.0777279635559354,0.2730143810427701,0.5089896715596223,-0.03110434171528075,0.6201109651129904,0.8207558512517694,-0.5503922202313595,1.6600808849573983
-2.0449495194502245,-1.2986338498223333,0.39186883911447756,-0.07723105438187909,-1.2996118201813462,0.3033479871105319,0.4720941533050874,-0.21834144762744073,-0.9644698239424445,-0.5577376995731079,-0.4250581240905492,0.8207558512517694,-0.5503922202313595,-0.6023802870458702
-0.6261388732855493,-1.2986338498223333,-0.12382022779959027,-0.637307721321952,-0.565761710708852,1.5748362421477642,1.5471522422448267,-0.4599956326060001,-1.24920039858303,-1.045022101138838,1.067857740365569,0.8207558512517694,-0.5503922202313595,-0.6023802870458702
0.7926717728791258,0.47500179654192903,0.8181147728795389,0.11775932687099618,-1.8702152726203893,-0.3949586176659918,1.0695919202183986,0.09866261334030665,0.9503789233127548,-0.19404955072961627,0.3442946502306992,0.8207558512517694,-0.5503922202313595,1.6600808849573983
-0.05861461481967927,-0.41181602664020217,-1.2933472269749018,-2.158067195628867,-0.45749659265191805,-0.7606642218506559,-1.3254700865226245,-0.4683214954528349,-0.4480565567365937,-0.26968753108260063,0.8520224563499181,0.8207558512517694,-0.5503922202313595,1.6600808849573983
-0.2004956794361468,-1.2986338498223333,1.4028181823303056,-0.4382233182206818,-1.2455274668721852,0.8012231814790535,0.702311934600868,1.121855971026236,0.2674113414601112,-0.44783555351512977,-0.4466390944974658,0.8207558512517694,-0.5503922202313595,1.6600808849573983
-0.05861461481967927,-1.2986338498223333,0.5286680171139969,0.10356382690328339,-0.07797901072185305,0.37531407089529867,0.10943741831690008,-0.6365242545832351,-1.0736490035169781,0.9029205758225868,0.33811112842949576,-1.218389120802316,-0.5503922202313595,-0.6023802870458702
-2.541533245607861,0.47500179654192903,-0.765427307243778,-0.256541460309604,2.550463252140194,0.6967199489038356,-0.7226595426373669,-0.33211698263778366,0.335110063922801,1.0061081707677868,-1.2575769538681134,0.8207558512517694,1.8168861463551327,-0.6023802870458702
1.643958160577931,-0.41181602664020217,0.10038240547338968,-0.3688963849969409,0.6911090993134167,-0.07130446836783286,0.2602987483922567,1.3415910184008146,-0.1412209640346534,-0.49514603664442536,1.2497300735842423,0.8207558512517694,-0.5503922202313595,-0.6023802870458702
0.22514751441325576,0.47500179654192903,-0.4739944712773899,0.8682093481189816,1.4660974379975757,-0.7749269089404328,-1.6331519233284642,0.6690042942932249,0.12905365764245952,0.845406593600925,-0.21302800311632797,-1.218389120802316,-0.5503922202313595,1.6600808849573983
-1.7611873902172894,0.47500179654192903,-1.0890297422785642,-0.5339091913671093,1.3958270136355204,-0.6957408573946661,-1.019971432336102,-1.0774051145633912,-2.6885173500948905,0.599713265945837,1.1292487885473497,0.8207558512517694,-0.5503922202313595,1.6600808849573983
-0.3423767440526143,-1.2986338498223333,-0.13904188771737847,0.4226461764108349,-0.6234918931093562,-0.3914569607082943,1.499090814411462,0.18022037046090592,-1.0776917006556015,-1.4311674767098888,0.02373243702254802,-1.218389120802316,-0.5503922202313595,1.6600808849573983
-1.1936631317514195,0.47500179654192903,-0.3210555043519647,-0.7828061825490125,0.010375501434966449,0.8013346434439319,-2.093275028890501,-0.4276968338413494,0.1652358011308397,0.97182046802958,-0.6577615056635827,0.8207558512517694,-0.5503922202313595,-0.6023802870458702
-0.3423767440526143,1.8052285313151257,-0.1326411814469861,-0.6994671646933907,1.3762620028035404,-1.6820776973614286,-1.1772845172250197,-0.9522607767450433,-0.3741214488274906,-0.8836758802428429,-1.466067014281964,-1.218389120802316,-0.5503922202313595,-0.6023802870458702
-1.335544196367887,1.3618196197240602,0.5689755174834517,0.02486518385022322,-0.4488209789498,-0.7545977539127144,0.6334984567976009,-0.11327677976984905,1.4693276725557787,-0.6736241244826707,0.5922167126875377,-1.218389120802316,1.8168861463551327,-0.6023802870458702
1.643958160577931,0.47500179654192903,-0.9121543305608857,-1.1240321732519902,-0.25516914133408714,-0.29005519236811755,-0.42299286216862025,-0.30423753693184613,-1.5085332327583483,1.1528939395331848,-1.0394287735189536,0.8207558512517694,-0.5503922202313595,-0.6023802870458702
-0.2004956794361468,0.47500179654192903,-0.37930865633332234,0.48126127237815103,0.9814038276538336,0.3618916588496462,-0.6431431076723606,0.34554156579834655,-0.9759509714320196,-0.27213444705325224,0.8805398900227014,0.8207558512517694,-0.5503922202313595,1.6600808849573983
0.22514751441325576,-0.41181602664020217,-1.7914879937455865,0.5794764801039549,-0.08062283251126638,1.0531360281049973,-0.31973938471407304,0.12436141551968084,1.4460610191517833,-0.7534701299586417,1.3183158131970933,0.8207558512517694,1.8168861463551327,-0.6023802870458702
-1.9030684548337569,-0.41181602664020217,-1.6622639459636044,-0.697006861917159,1.199312885871407,0.5337723126465963,-0.3909970009231149,-1.1347888146454244,0.31834838341636584,0.045533358995874094,-0.5873130703779921,0.8207558512517694,-0.5503922202313595,-0.6023802870458702
-0.7680199379020168,1.3618196197240602,-1.733399584803022,-0.24369105875385216,1.7454259386696191,-0.257435526332441,-1.0984347082373846,0.3109521599319162,-1.986330948722974,0.15832205436433136,-0.31158237165576075,-1.218389120802316,-0.5503922202313595,1.6600808849573983
0.08326644979678824,-0.41181602664020217,0.3426776265537982,-0.6028521851438233,0.6865987843311412,-2.4348830224684583,-0.7454203297141756,-0.9103194538672233,-0.2440875543272559,1.7371169098444532,-1.1413201931379473,-1.218389120802316,-0.5503922202313595,1.6600808849573983
-1.335544196367887,1.3618196197240602,0.3154899832166541,-0.8542828424190823,0.13500837210449837,-1.7400447770604992,-1.6462835407727294,-1.430116111142081,-0.4732957360381449,-0.6284822748642563,0.25115551593562885,0.8207558512517694,-0.5503922202313595,-0.6023802870458702
0.36702857902972325,1.8052285313151257,-0.40394755757811146,1.2726897858361073,1.7158265711385385,0.27757819540990153,-0.056061307344908134,0.9355041075706573,-0.749399800093642,0.1819322903745278,0.46068024105695704,-1.218389120802316,-0.5503922202313595,-0.6023802870458702
-1.1936631317514195,0.47500179654192903,-1.8152433781046136,0.41494503627715734,0.11250714474762584,0.7502108755333841,0.45226493099071013,0.2823882207205769,-0.5594771159662182,-2.3349388422713924,0.3576018897673607,0.8207558512517694,1.8168861463551327,-0.6023802870458702
-1.1936631317514195,-0.41181602664020217,-0.4073196164890096,-0.2739031457566585,-1.5104085649984877,0.8094692448464679,-0.4296705420153014,0.4319895890122583,0.8707317365425505,0.14987912915473,-1.747118101287311,0.8207558512517694,-0.5503922202313595,-0.6023802870458702
-1.1936631317514195,-0.41181602664020217,-2.7476335927855504,-0.8697369104544916,0.6464136051809604,0.43852543274124695,-0.4342723468762332,-0.5448785241511659,-2.0118638259320987,0.6407858689822139,0.2568251997400545,0.8207558512517694,-0.5503922202313595,1.6600808849573983
1.5020770959614633,0.47500179654192903,0.5427528833562283,-0.16136457914008664,-0.03932672563135491,0.10772905667925779,0.2172879730827691,1.8722529287391856,-0.7215211231519589,-0.8888211252837664,1.163067546041687,-1.218389120802316,-0.5503922202313595,-0.6023802870458702
1.0764339021120608,-1.2986338498223333,0.2503099008867187,0.7431097448735451,-0.9757838885330263,0.48988927624455936,0.7287735040190004,0.6472338817882214,1.1501025559732168,0.1819667672997481,0.19340616887572723,0.8207558512517694,-0.5503922202313595,1.6600808849573983
-1.0517820671349518,1.3618196197240602,1.909767451609932,-0.5428858868042699,-0.06135009054243072,1.6292787971859946,0.059462651927444286,-1.2091164323982184,1.7048751727304001,-0.7231818553920973,1.908679341030295,0.8207558512517694,-0.5503922202313595,-0.6023802870458702
-0.3423767440526143,0.47500179654192903,0.821252373877866,0.3636801356966306,0.06065963454128764,-0.8890232211195925,-0.05885403704536614,-1.066799362455187,0.3436175334983365,-1.7211629894375355,-0.15167933328396005,0.8207558512517694,-0.5503922202313595,-0.6023802870458702
0.22514751441325576,0.47500179654192903,-0.3256118624246687,-0.22041639866083582,0.2731307426209041,-2.023954509389935,1.1706857538902053,1.1410145098407407,1.3423215714350698,-0.5190503062616882,0.3416593188798358,0.8207558512517694,-0.5503922202313595,1.6600808849573983
0.6507907082626583,1.3618196197240602,1.5000554774264714,0.5492684618532542,-0.12169392926735072,-0.003304752932180643,0.8797803617041007,1.8433637216656538,-0.2463608654399777,0.23571237936889702,1.5995924518090618,0.8207558512517694,-0.5503922202313595,-0.6023802870458702
0.22514751441325576,1.3618196197240602,1.202954263882572,-0.20165046965635988,-1.1899084953950891,0.8007817698373891,0.7892242260686361,0.49114271095019724,1.6584969589041456,-0.24791825289903963,-0.04085676095738423,0.8207558512517694,-0.5503922202313595,-0.6023802870458702
0.22514751441325576,-1.2986338498223333,-0.14895881550697954,0.1256776116878769,-1.0268990429905542,0.603049620004957,-0.5356099542178127,-1.1984610603253036,0.15286600982235293,-2.323047466097371,0.49864774428331166,-1.218389120802316,-0.5503922202313595,1.6600808849573983
1.2183149667285285,-0.41181602664020217,-1.3377835491741465,-1.590598425650681,-0.5128487963899407,-2.2629932548754415,-1.5721750596320305,1.1530074527479794,0.10668795925228626,0.3623152397453303,-0.6377729750944781,-1.218389120802316,-0.5503922202313595,-0.6023802870458702
-0.6261388732855493,0.47500179654192903,0.7057282634803755,-0.6838965073954064,-1.4870695592074061,1.0865033707402583,0.18975051825792258,0.09545677468614307,-0.30890544207483567,-0.029534217525746708,2.166174693609081,0.8207558512517694,-0.5503922202313595,-0.6023802870458702
-0.6261388732855493,-0.41181602664020217,-0.6260542581638623,0.47557990585034493,-1.3431643561792395,0.5087439443729983,-0.5181731996470531,0.4902102462510869,1.514629259413105,-0.7820974921760518,0.4811323331258601,0.8207558512517694,-0.5503922202313595,1.6600808849573983
1.0764339021120608,-0.41181602664020217,1.2490884718515423,0.6128420496600335,-0.6066803535818569,0.9024196439112453,1.4620889434409503,-0.5647875456428285,0.18814018585597828,-0.17489303587919905,-1.0601104360036593,-1.218389120802316,-0.5503922202313595,-0.6023802870458702
0.7926717728791258,-0.41181602664020217,-0.2695731553676819,0.17083443495715228,0.2711490226188759,1.1714765359257113,-1.0726194344146038,1.4630440325533407,-0.3463931650924221,0.14729196937906266,1.3118783124233324,0.8207558512517694,1.8168861463551327,-0.6023802870458702
0.08326644979678824,0.47500179654192903,-0.8065297664012834,-0.9477403828724799,0.4577144211244227,-0.4325003719374802,-1.2945328008669432,-0.4762369449450523,-1.619114962889813,0.3488676883667821,-0.1514095824930068,-1.218389120802316,-0.5503922202313595,1.6600808849573983
-1.4774252609843543,-0.41181602664020217,0.31609354819128277,0.28834531701221167,-0.3017308991925519,-0.5073019397384266,-0.5381261274927036,-0.48040572473291704,0.30061861916062516,-0.1940142533766128,1.5911755196048427,0.8207558512517694,-0.5503922202313595,-0.6023802870458702
-0.4842578086690818,0.47500179654192903,-0.808536974542102,-1.2110004304067936,0.8095467113820257,-1.0318606989529184,-1.3523417371295496,-0.2999772259377832,-0.6684295534238066,0.24185021150474514,-0.4569789337485903,-1.218389120802316,-0.5503922202313595,-0.6023802870458702
1.7858392251943984,0.47500179654192903,-1.2311483845944364,-0.5695618680341645,0.10630066829423374,-0.30427778869966565,-0.5423511000034835,-0.3398853338160765,-0.737672783176487,1.3728621400114915,0.37937126070120647,0.8207558512517694,-0.5503922202313595,-0.6023802870458702
1.643958160577931,0.47500179654192903,0.5281838909250074,0.26315185233039434,0.7282946077361927,-0.3973329042223556,1.243822474283982,0.9250149456801445,1.416136785621792,-1.2364383711320233,0.06448858982418074,0.8207558512517694,1.8168861463551327,-0.6023802870458702
1.2183149667285285,1.3618196197240602,1.7790287044446071,-1.7861879740455842,0.43175117322990536,0.38730360262432173,0.731604643240418,0.9328965040101881,1.447327604276646,0.0024885373425380945,-0.06662846640281003,0.8207558512517694,-0.5503922202313595,-0.6023802870458702
0.6507907082626583,-0.41181602664020217,0.4205768792585625,1.2286649597980663,-1.7228098050355034,2.3445654354845886,-0.09334543652106599,1.310178981187022,1.7376045309463874,1.113459046267983,0.23020125619224066,0.8207558512517694,1.8168861463551327,-0.6023802870458702
0.9345528374955934,-0.41181602664020217,-2.252343387915162,-1.7126851949557325,-1.3284188864679998,0.01693215455205052,-1.7523848637586106,-0.5265046079947222,0.010683482325217616,0.17762171268603413,-0.10152418292488936,-1.218389120802316,-0.5503922202313595,-0.6023802870458702
-1.0517820671349518,0.47500179654192903,0.8799651760236011,-0.012304028907794732,0.6049203399612887,-0.5596457980653678,0.4444480300325991,0.5583519612851463,-0.7524100027122936,0.49942115375592755,-0.5039998265671766,-1.218389120802316,1.8168861463551327,-0.6023802870458702
-1.9030684548337569,-1.2986338498223333,0.7389055175476817,-0.011880567632668032,-1.0021409705478774,-1.6249871249306764,-0.04493774050860008,0.20694779376009234,1.223888646747059,-0.5928342510163164,0.630386575532484,-1.218389120802316,1.8168861463551327,-0.6023802870458702
1.9277202898108659,1.3618196197240602,-1.0248550330838881,-1.5697397614709967,-0.21110029519633586,1.1121222435802558,1.1362778696800433,0.8056344097979133,1.120196954265837,1.3011733489317296,0.1475168556378623,-1.218389120802316,-0.5503922202313595,-0.6023802870458702
-1.9030684548337569,-0.41181602664020217,0.5184555294319294,1.1274233995035068,-0.226607527633416,1.1615965398273627,-0.1496209905758699,0.7921208503014006,0.19829641588794106,-0.1462982712764322,0.5682198535178357,-1.218389120802316,-0.5503922202313595,-0.6023802870458702
0.9345528374955934,-0.41181602664020217,0.21871333999945916,-1.7711348501610753,2.1289687849413133,0.9641916768812187,0.7226895588053719,-1.21808879739504,-0.8729616985976526,0.49430749670816804,-0.722405464372262,0.8207558512517694,-0.5503922202313595,1.6600808849573983
0.6507907082626583,-0.41181602664020217,0.0006244856239254581,0.2033879757960888,-0.3075616296606884,0.5670144703494487,1.162908480567018,-0.029433643068896075,0.6288697009765749,-0.12865765734826165,-0.2841586319725948,0.8207558512517694,1.8168861463551327,-0.6023802870458702
-0.2004956794361468,-1.2986338498223333,0.22552597830589347,1.475328101370846,-0.3610368307555097,2.3445654354845886,0.7126119459490586,0.630658847566136,0.6300901934381105,-0.43753738885066434,-0.13966387948137696,0.8207558512517694,1.8168861463551327,-0.6023802870458702
0.7926717728791258,1.3618196197240602,-1.2576533610421197,0.4982371386655564,1.7501352640823018,-0.3205253678153402,-0.673575809577196,-0.46722509351971303,-0.8883673337113612,-0.18994566354105552,-0.0655392648904251,-1.218389120802316,-0.5503922202313595,-0.6023802870458702
-0.4842578086690818,-0.41181602664020217,1.8684459505128377,-0.9879479515526813,0.47032894629408084,0.33583220123400365,-0.4582043411868474,-0.001198789936416846,0.7218407349963841,-1.3003233934035674,-0.8209971916240839,0.8207558512517694,-0.5503922202313595,1.6600808849573983
0.7926717728791258,1.8052285313151257,-0.28832171767327736,-0.40850122936845595,-0.20808991998614304,-0.004089794692260275,-0.3278539077646204,-0.3588508066066676,-0.5081554439759121,-0.8875369766523363,-0.3914186471205304,-1.218389120802316,-0.5503922202313595,-0.6023802870458702
0.36702857902972325,-1.2986338498223333,-0.08211894270143323,1.3521917877780854,-0.47343294584113066,-0.05511737058895646,0.6808796009564365,0.20235759187304125,0.8198881534917457,-0.12027123896992765,2.2710542342952857,-1.218389120802316,-0.5503922202313595,-0.6023802870458702
-1.0517820671349518,-1.2986338498223333,1.4177327134852409,0.3649486908194956,-0.5729245255938521,1.373618617462857,0.1061468854910049,0.3963756600534392,-0.48955758265690746,0.6933065724653088,0.4535552108778501,0.8207558512517694,-0.5503922202313595,-0.6023802870458702
-0.05861461481967927,-0.41181602664020217,0.05484779099826196,2.7602158213373222,0.16568999000723406,0.45831831790230076,0.053069111967462224,0.4142357201136489,0.6720190639055164,-1.1683391926867235,1.296143456677242,0.8207558512517694,-0.5503922202313595,1.6600808849573983
-1.7611873902172894,-1.2986338498223333,0.579101446567086,0.5973105429654127,-0.2538664411094243,0.9018374718676657,1.5291105406613628,0.6871688698104891,1.383903887392815,-1.856470384772714,-0.8387631313040862,0.8207558512517694,-0.5503922202313595,-0.6023802870458702
-0.4842578086690818,-0.41181602664020217,0.8056351135187458,-0.37756132444969615,-2.3825824705487486,2.3445654354845886,0.07067708562422818,0.622188796551009,1.4088676121068173,-0.5286081628806485,0.29783805876672154,0.8207558512517694,1.8168861463551327,-0.6023802870458702
-0.3423767440526143,-0.41181602664020217,-1.4242185537639391,2.6614101717210783,0.399439977045374,0.7027001763037172,1.775355827628872,0.03550288956975753,0.7230500912271026,0.4101668516528795,1.6812675065539324,0.8207558512517694,-0.5503922202313595,-0.6023802870458702
0.6507907082626583,-0.41181602664020217,-0.3397524096931755,0.8099802724078952,-0.41517950749420834,-1.3745471090318235,-0.4887307137997693,0.05162561430546443,0.2709279766968026,1.4402384548276568,0.4737597450124779,-1.218389120802316,1.8168861463551327,-0.6023802870458702
-0.3423767440526143,1.3618196197240602,-0.3743271996380397,0.25972888562907726,0.8183028002310856,-1.2879026572468792,-1.322557368049168,0.04341859146719007,-1.605715630720136,0.6821090230723222,-1.14089683705038,-1.218389120802316,-0.5503922202313595,-0.6023802870458702
0.7926717728791258,-0.41181602664020217,-0.854844328168266,-0.2541470636990442,-0.4461689738428969,0.8211460649871579,0.4231459124154934,-2.242022777234638,-0.5385737466060705,-0.1876739498477785,1.1316826859589364,0.8207558512517694,1.8168861463551327,-0.6023802870458702
-0.7680199379020168,1.8052285313151257,-0.8670083611428457,-0.11534135793002408,0.8562034394732446,-1.699983098642318,-1.4631116840156977,-0.7057427939014014,-0.7207602401296611,0.7438925477036928,-1.3006519240756675,-1.218389120802316,-0.5503922202313595,1.6600808849573983
-0.9099010025184844,-0.41181602664020217,-0.5631386922847484,-0.4482886694967223,0.07191228831714173,-0.7089292434521584,0.12538309604037173,-0.8229332237870557,-1.3932179930937312,0.5652856656015675,-1.4112978057341048,0.8207558512517694,-0.5503922202313595,-0.6023802870458702
0.5089096436461907,0.47500179654192903,0.49336029455403724,-1.942068993312358,-0.34333646535243356,-1.3818548247432885,-0.06251093656339303,-1.3282961955613455,-1.27194236553689,0.2278099915955842,-0.9610195842379844,-1.218389120802316,-0.5503922202313595,-0.6023802870458702
0.08326644979678824,1.8052285313151257,0.5678958939864621,-0.6552968860295251,0.6502031068733756,-1.3906564236625565,0.38499188125007705,0.2813433625413795,1.0995806006127398,2.0762049357630383,-1.169051408108032,0.8207558512517694,-0.5503922202313595,-0.6023802870458702
0.36702857902972325,-0.41181602664020217,1.3089478890301476,0.8699304633791197,0.5587759065606756,-0.026904648787314477,0.7462272150275933,1.6443052024846387,-0.599805872114306,-1.3139667303370905,2.098238737479811,0.8207558512517694,-0.5503922202313595,1.6600808849573983
-0.9099010025184844,-0.41181602664020217,-0.8580854793965965,-0.5318391745619667,1.0882008230064353,0.24214505972680242,-1.8790487715451292,-0.566941440531207,-1.1629506930891653,1.5549705476336861,0.20808306475636498,-1.218389120802316,1.8168861463551327,-0.6023802870458702
0.9345528374955934,-0.41181602664020217,-1.3009532787219633,-0.22047528534257285,-0.7575118676872171,-1.8487046951711477,-0.6367348950350931,-0.20161325589283305,-1.4195560394433022,-1.1536951920766605,-0.4674579783965589,0.8207558512517694,-0.5503922202313595,-0.6023802870458702
-0.2004956794361468,1.3618196197240602,-2.4785737120180467,-1.6089566621853,1.1095527949951125,1.3942674913769908,-0.701312223968975,-0.30889035611421756,1.6361620002644228,0.2060570444116436,-0.5949060828672387,0.8207558512517694,-0.5503922202313595,-0.6023802870458702
-0.4842578086690818,-0.41181602664020217,0.09441943394564713,0.5824313090674595,-0.297554793265421,0.38581406621180486,1.4795509718669866,-0.14292508384364136,0.3771463259845016,0.2245943811819306,1.5412133419848322,-1.218389120802316,-0.5503922202313595,-0.6023802870458702
1.7858392251943984,-1.2986338498223333,-0.6903468191356028,-0.9135234948501688,-0.21971658882628245,-0.15072370456130657,1.3613358757072211,-0.6188201129498534,-0.3424437280850373,-0.768726062905217,-0.7753538831327279,-1.218389120802316,1.8168861463551327,-0.6023802870458702
0.7926717728791258,-0.41181602664020217,-0.37301923455002134,-0.6819634539793021,1.585728575609224,-0.30293140920257994,-0.03455174576543312,0.03557527493230061,-2.3501365999851345,0.1540753397988608,0.027060131947997168,0.8207558512517694,-0.5503922202313595,1.6600808849573983
0.9345528374955934,0.47500179654192903,0.9993833685822067,-0.4511876060236116,2.156232891842064,-0.24981284499332296,0.12737011410922494,0.4208875839662893,-0.17667495775668807,1.227160960633801,-1.0976712556675812,0.8207558512517694,-0.5503922202313595,1.6600808849573983
1.0764339021120608,-1.2986338498223333,-0.10475775057933798,0.32829926599078124,0.5911672402667618,0.1107707273077289,0.3233264182499178,1.3656015456117607,-0.24153812927513424,0.17951501695413227,-1.1568156942713645,0.8207558512517694,-0.5503922202313595,-0.6023802870458702
-1.4774252609843543,-0.41181602664020217,0.7496368867492985,-0.15319633886995443,2.5389333807835532,-1.5538931116280934,1.4781567905109385,0.025365533763483494,0.7238508026190978,0.578796087404396,0.6393100481362464,0.8207558512517694,-0.5503922202313595,-0.6023802870458702
-1.7611873902172894,-0.41181602664020217,1.1731610277230196,-1.0109077763490109,0.7742467027461939,-2.110371350856179,-0.03718489651551568,-1.3085025863977768,-1.097092194460479,-0.0872645415060666,-0.11703393209393112,-1.218389120802316,-0.5503922202313595,-0.6023802870458702
-0.3423767440526143,-1.2986338498223333,0.7556051578065669,-0.5648630819053839,-0.07229266696072836,0.07534934706369252,-0.9685276314197714,-1.1883884245096155,-0.23753873788599894,-0.1098913147084647,0.39016648270691723,0.8207558512517694,-0.5503922202313595,1.6600808849573983
-1.1936631317514195,0.47500179654192903,-1.6351078652753732,-0.7191999829932916,-0.1062997228064559,-0.338737283153664,1.174194514306286,1.5583289604029327,-0.6193539096679112,0.6271297938398422,-1.015929017240876,0.8207558512517694,-0.5503922202313595,1.6600808849573983
0.6507907082626583,1.8052285313151257,-1.922984120519705,-0.35330565319143636,0.6690184881892455,-0.8975745883122962,1.0173707899087598,-0.5982855319051916,-1.1610087598925558,0.8324755018740653,1.0622847182773674,-1.218389120802316,1.8168861463551327,-0.6023802870458702
-0.3423767440526143,-0.41181602664020217,-1.6173066889449328,-1.4328762813071618,1.1657839400848304,0.35089221864166265,0.27744952583969607,0.8050071781604438,-0.7247852367856271,1.5159064969648082,0.5204393487924684,0.8207558512517694,-0.5503922202313595,1.6600808849573983
1.360196031344996,0.47500179654192903,0.4149840538865046,-0.35587286878481755,-0.5053985628954976,-0.4009053664786855,0.5876472665538935,0.6634324572210224,-0.26428437424814244,-1.996846648957917,1.1520285878599494,0.8207558512517694,1.8168861463551327,-0.6023802870458702
1.2183149667285285,0.47500179654192903,0.8916484676528508,0.8524784927808562,-0.7676193278001965,0.11176616673128531,0.4161408566212952,1.3474525055463213,-0.1040448202959422,-0.17579989131252816,-0.05854654023072192,0.8207558512517694,-0.5503922202313595,1.6600808849573983
-0.05861461481967927,-0.41181602664020217,-1.5168505572403321,-1.2109234384349374,1.5387978987372082,-1.5822497335100163,-2.083736965086393,-2.070362254486207,0.4969524174147995,0.15050725023014802,-1.057745944523289,0.8207558512517694,-0.5503922202313595,1.6600808849573983
-0.2004956794361468,-1.2986338498223333,-0.33625218235142,-0.6618148958764881,-1.2717302994209811,1.4366570064220487,-1.1386580959327146,1.9000154888743588,0.8518788838992348,-0.9022375855270085,1.5920333769620996,0.8207558512517694,-0.5503922202313595,1.6600808849573983
0.36702857902972325,-1.2986338498223333,0.8433873687215068,1.0307939024259616,0.11154234060510614,0.6815197480731591,0.797307318033225,2.3103720038462257,-0.15951966173868157,-0.7886480149004432,0.14816666616929314,0.8207558512517694,-0.5503922202313595,-0.6023802870458702
0.9345528374955934,-0.41181602664020217,0.02522793039401523,-0.19536518436099304,0.016168411178087448,-0.15739232208697837,2.253486536537249,0.34945088779577466,2.0699938326174294,-0.7800238327991986,1.1630187714769231,-1.218389120802316,-0.5503922202313595,-0.6023802870458702
-0.9099010025184844,-0.41181602664020217,-0.010471992964076983,0.2085558879979726,1.2096008361531385,-1.209943090285263,-1.1714297730181538,0.2738471726471516,-0.9095301931277225,1.4584394063668498,-0.6819952254271826,0.8207558512517694,-0.5503922202313595,1.6600808849573983
0.7926717728791258,1.3618196197240602,-0.1919018512110115,-0.318493005422509,1.0005397234362952,-0.24241939939067775,-0.46891881443273187,-0.5052366844358444,-0.5797743363379425,0.9154530345737664,-0.04419570167518988,-1.218389120802316,-0.5503922202313595,-0.6023802870458702
0.7926717728791258,0.47500179654192903,-1.4107164067696871,0.15620981347568158,-0.54330134183941,-1.444039649971989,0.044960338661043237,0.27335732974295235,-0.2946025108398237,-1.880923648435129,0.8780631448088928,-1.218389120802316,-0.5503922202313595,-0.6023802870458702
2.211482419043801,0.47500179654192903,1.0377804566956421,2.2144473865176044,1.029105893088245,0.7901198567299643,1.3438750786666551,-1.408642345577773,0.6366006983941073,0.08561404763766368,-1.6805630750476117,-1.218389120802316,-0.5503922202313595,-0.6023802870458702
-1.1936631317514195,1.3618196197240602,1.715177973983234,-0.37484464828087727,1.0094294729988724,0.4847136131958319,0.5589990230777108,-0.5966315829183566,-1.1923968417392399,1.7040896074641563,-0.00992475104934156,-1.218389120802316,-0.5503922202313595,-0.6023802870458702
1.7858392251943984,0.47500179654192903,-1.124323551380689,-2.2259962618508013,2.1328603155616124,-0.7345099169151476,1.156780539178606,-2.592585996343584,-0.7594157359562624,-0.4003267931416818,0.9162691152452951,0.8207558512517694,1.8168861463551327,-0.6023802870458702
0.5089096436461907,-0.41181602664020217,-1.3500020386754197,0.5902697392439383,-1.2379411031512395,-0.03006660070941985,0.6017429901091601,2.2189161562571345,0.4022391783427071,-1.3443569166117648,1.3063623915089588,-1.218389120802316,-0.5503922202313595,1.6600808849573983
-1.335544196367887,1.3618196197240602,1.6077924204572145,0.6053721555206332,0.5436518633763411,-0.09348367066582251,0.2595926846240011,0.6090414412204926,1.3896911763732365,0.49499893125840355,0.7293999126261237,-1.218389120802316,-0.5503922202313595,-0.6023802870458702
-0.05861461481967927,0.47500179654192903,0.25982602220562423,1.783958452413353,-0.7322140223060043,-0.03311449936051983,-0.5569363727076083,-1.2932362913720947,1.075924976253207,-0.4680816148089706,1.6303874879697846,-1.218389120802316,-0.5503922202313595,-0.6023802870458702
-0.7680199379020168,-1.2986338498223333,0.15018749363540165,1.873276705938023,-0.4618654576215532,0.43535511468472415,0.7936020669641888,0.7974816044627092,0.9096454055581703,0.09899647054532196,0.2512238597769577,0.8207558512517694,-0.5503922202313595,1.6600808849573983
1.360196031344996,0.47500179654192903,-0.36644455098375034,0.09846378411479555,-1.5242935309328913,-0.2651716209529543,0.83273682530543,-1.2182293262264159,0.6148363854128567,-0.16162687446694096,-0.1949623873569314,0.8207558512517694,-0.5503922202313595,1.6600808849573983
-0.3423767440526143,-1.2986338498223333,1.5653245295073024,0.7765046473075822,-0.6753715225335024,-0.7544603314084146,1.5070493230038415,0.28597827916746,-0.2720924871389738,-1.6631168177438882,-0.6050966502663073,0.8207558512517694,-0.5503922202313595,-0.6023802870458702
2.5661850805849697,0.47500179654192903,-0.41585007764715115,-0.495596295930281,1.4530811494525284,-0.2518930431129802,-0.0032744942680744114,-0.7442896780685176,-1.218557284260104,-0.6846368612778418,1.4852786150241188,0.8207558512517694,-0.5503922202313595,-0.6023802870458702
-0.4842578086690818,-1.2986338498223333,0.43689804265050575,0.20685092053125093,-2.7547391623279975,-0.2266701298430867,-0.45688112245891666,-0.19770110282256445,-0.7239266220122191,-0.1713911488286954,-0.6300899637854283,-1.218389120802316,-0.5503922202313595,-0.6023802870458702
-0.7680199379020168,-1.2986338498223333,1.1545728904120889,0.945098800056658,-0.7747849823673871,2.1985742936209087,1.05711943850113,0.24915768540097188,-0.8154580167178493,-0.6160563698210065,-0.6794585178109687,0.8207558512517694,-0.5503922202313595,-0.6023802870458702
-0.6261388732855493,-1.2986338498223333,-0.18734578964352358,-0.4411329403571967,-0.2284516706538557,-0.6647121184219266,0.48993762326643236,0.5547500341483786,-0.42574449307260503,1.3877033901243259,0.04221170633743467,-1.218389120802316,-0.5503922202313595,1.6600808849573983
-0.2004956794361468,1.8052285313151257,-0.31611372911057195,-1.638999738405593,0.6009318985746361,-0.9314006934245566,1.7248212748314922,0.011467983358842604,0.782524607617539,0.24589310882927554,0.43303509768077114,-1.218389120802316,-0.5503922202313595,1.6600808849573983
-0.6261388732855493,1.3618196197240602,0.6808375104454042,-2.4823028495030415,0.26707805487546427,-0.7239675751085178,-1.0811660796598934,-0.1354440202328873,-1.1857509990683832,2.2572169663982926,-0.46792185171877115,-1.218389120802316,1.8168861463551327,-0.6023802870458702
0.22514751441325576,0.47500179654192903,-1.7006617189238251,-1.836464283879202,0.06303689174899554,-0.4845122215755851,1.1542034549045166,-0.9095319769498743,-0.2024907137108702,-0.026343707256336592,0.09284937231964051,-1.218389120802316,-0.5503922202313595,-0.6023802870458702
-0.4842578086690818,-0.41181602664020217,-0.44448907825631406,-0.4331378138298747,0.5571807957916743,-0.5576111702911727,1.1734189059154758,-0.29988516002116455,0.9266889021048603,0.8139769560766663,1.3107677487758007,0.8207558512517694,1.8168861463551327,-0.6023802870458702
-0.05861461481967927,-0.41181602664020217,0.7619401524124714,-1.0850809191492012,0.7649420225212268,-1.6959923956066971,-0.3135247990920255,0.06680898265975564,0.5793963923423494,0.5850575355716162,-1.4375849295574832,0.8207558512517694,-0.5503922202313595,-0.6023802870458702
-0.05861461481967927,0.47500179654192903,0.6017889037720641,-0.7176072821833043,-0.42559366007083504,-0.9130266109688108,-1.1805461805510358,-1.568458483711788,-0.7902836494686143,0.04168050959948258,-1.8980746648099838,-1.218389120802316,1.8168861463551327,-0.6023802870458702
0.7926717728791258,-1.2986338498223333,1.5462362358016561,2.3023097826801076,0.820675437157786,0.537630929769644,1.3205985302755996,-1.4323941442003507,0.4770109561963808,-0.7449936184823652,0.43247496603612107,0.8207558512517694,1.8168861463551327,-0.6023802870458702
-0.6261388732855493,1.3618196197240602,0.5663400718444656,-0.48283702370635206,-0.4656534795358625,0.6797475750801617,-0.1366920049559506,0.5442226160391599,0.9109086340358591,-0.6675801221510556,0.9207075625104668,0.8207558512517694,1.8168861463551327,-0.6023802870458702
1.643958160577931,1.8052285313151257,-1.7882460970690583,-0.6100201098660684,0.8751341755852142,-1.0241133189004008,1.5607793888598633,-1.5137342891215801,-0.09824999411727188,1.8404813554685524,-0.9220713134105829,-1.218389120802316,-0.5503922202313595,1.6600808849573983
-1.619306325600822,0.47500179654192903,-0.7697117699962461,0.9484813924763675,0.6154665840782321,-2.2300155182883272,-2.344445129613589,-0.41859159620828207,-1.3223837937274583,0.2774972434408392,-1.3006651828605547,-1.218389120802316,-0.5503922202313595,-0.6023802870458702
1.360196031344996,0.47500179654192903,1.5899491681147198,-0.6034775315838509,-2.1204138025704315,1.6528620820442885,0.3548698916930428,1.5343797416752776,0.21731994530796972,-2.1371974561968927,0.2817074432570857,0.8207558512517694,-0.5503922202313595,-0.6023802870458702
-0.9099010025184844,-0.41181602664020217,-0.8812979716263029,-1.5000144949817655,0.1808240467710886,1.557961060703768,-1.0794378017581414,0.23027827575566512,-0.8574310855802864,1.3441983488448261,-0.4916913110018884,-1.218389120802316,1.8168861463551327,-0.6023802870458702
-1.335544196367887,-1.2986338498223333,-0.12603074623839794,0.3206370856523201,-0.6008999605109342,0.5313490242752286,2.2791998174410284,-0.24876604841758373,0.4205323186139995,0.28690499434077704,0.110082162263762,0.8207558512517694,1.8168861463551327,-0.6023802870458702
0.22514751441325576,-0.41181602664020217,1.6054583115014462,-0.34651448758621733,-1.1621944294216766,1.2237741303543836,2.274059644045922,2.4844493637933467,1.0000474232482175,-0.2671373421020561,0.10109869977409867,-1.218389120802316,1.8168861463551327,-0.6023802870458702
-1.335544196367887,-1.2986338498223333,0.7128083483141918,0.10103709651420785,0.5264422384726417,1.627853041545188,1.5372506891623632,1.0936757435177238,0.7996430694093248,-0.7840791828744333,1.3496263358589147,0.8207558512517694,-0.5503922202313595,-0.6023802870458702
1.0764339021120608,0.47500179654192903,-0.6986781057797604,1.6821814647462385,-0.13267676194082384,0.2186931397600266,1.0515545904974515,1.4921991023232677,0.40288303925859925,-0.9448828514953447,0.611100925954543,-1.218389120802316,1.8168861463551327,-0.6023802870458702
0.36702857902972325,1.8052285313151257,-0.3540705642896497,-0.12629155080418816,0.6788653596536094,-1.7531878962902239,-0.34565061580742684,-0.7941145579433437,-0.013549519331877995,-0.2480068918819482,1.0724131889629873,-1.218389120802316,1.8168861463551327,-0.6023802870458702
1.5020770959614633,-0.41181602664020217,-1.7085835044763251,0.046372267628694584,0.3669571814387456,0.5027623958668076,-0.15160089959395473,-0.3939674957174997,0.6537692712730748,1.1083721761494532,0.10231443051621543,0.8207558512517694,-0.5503922202313595,-0.6023802870458702
-0.3423767440526143,1.8052285313151257,1.0284370263351255,0.6287653562654231,0.5574259027559176,-2.5014590990921435,-0.06395273646154366,0.15915853448830392,-1.1463801164129197,1.554133020905175,-0.2867097537310946,0.8207558512517694,-0.5503922202313595,-0.6023802870458702
-1.4774252609843543,-0.41181602664020217,0.9306460469919243,0.343766278074453,0.20952968514755602,0.04748662339264194,1.0657163084901473,0.5911394584547893,1.8891373205698012,-0.16608463700518153,0.2150413738045393,-1.218389120802316,-0.5503922202313595,-0.6023802870458702
0.6507907082626583,1.3618196197240602,-0.4531174752785012,-0.1798561697071558,0.17271301532398034,-0.7185132594724084,-0.5238351368094886,-1.23476073367659,-0.61541701015969,1.4159831754904884,-0.20872048569575816,-1.218389120802316,-0.5503922202313595,1.6600808849573983
0.08326644979678824,-1.2986338498223333,0.8029417334809301,1.1516338203452712,0.7392515187165948,-1.1621143017790356,-0.7336286835023575,0.20008042807319307,0.12831823200943898,-2.4625520255842774,1.222869964302234,0.8207558512517694,-0.5503922202313595,1.6600808849573983
-0.6261388732855493,-1.2986338498223333,0.6302675433559422,-2.7591862639174836,-0.20859048807817995,0.8300805262520619,-0.5922552042752389,-0.1281693581005029,-0.2777072283019316,-0.6558440567488155,-1.0638428210540034,0.8207558512517694,-0.5503922202313595,1.6600808849573983
-1.335544196367887,0.47500179654192903,-0.5015657472070717,1.2496269210505555,0.4085136235024328,-0.07620143740502085,-0.7521853792409368,0.24486729828943687,0.5070377045441692,1.987763564390855,-0.3028532699925172,-1.218389120802316,-0.5503922202313595,1.6600808849573983
-0.4842578086690818,-1.2986338498223333,0.592416101736688,1.5451544881742632,-0.3872234752930489,-0.42748420436291296,0.7670185208940835,-0.139023500725078,0.3083774139425573,-0.1276505940074242,0.45136495001054416,0.8207558512517694,-0.5503922202313595,1.6600808849573983
-0.6261388732855493,0.47500179654192903,0.5538447268147391,1.7465174744452296,-0.710610885214492,-0.95690191918056,0.6756498981458103,0.41993397488281153,-1.20092792580532,-0.45164786165984994,-0.1861544241552446,0.8207558512517694,1.8168861463551327,-0.6023802870458702
0.08326644979678824,0.47500179654192903,1.5499977864471597,0.7835956592485335,-0.7662477913638172,0.02252998332307303,0.3357718100962103,0.9137741705919249,-0.3129174230518456,-0.15552761941033127,0.3213047424407964,0.8207558512517694,-0.5503922202313595,1.6600808849573983
0.5089096436461907,1.8052285313151257,0.9502277659887113,-1.8288589985207766,-0.5341821877231709,-1.8257803864689823,-0.8096733565222073,-0.41037844058460693,0.11570297143376679,2.2083677731837823,-0.5982051651935285,0.8207558512517694,-0.5503922202313595,-0.6023802870458702
-1.1936631317514195,-0.41181602664020217,0.03594233348142741,0.4723845159279233,-2.1853791688832014,1.843770681850731,-0.6090230717716012,-0.45134762838020637,0.34631139302408176,0.2355229461510718,-0.9887532484469117,0.8207558512517694,-0.5503922202313595,-0.6023802870458702
-1.9030684548337569,1.3618196197240602,-1.6833845883071255,-1.0527358026891154,-0.2097262782641551,-1.0988214579459572,-1.4630322052513385,-0.19423820830946575,-1.2883434944140197,1.5873759616075283,-0.3327892402731953,-1.218389120802316,-0.5503922202313595,-0.6023802870458702
-0.2004956794361468,-0.41181602664020217,-2.315199859066863,1.25748950691373,0.1320709367231713,-2.3348292974986187,-0.5151238253583313,0.14547345572112852,0.42280606429054346,1.5984227689184483,-0.1276915384090703,0.8207558512517694,-0.5503922202313595,1.6600808849573983
1.0764339021120608,-1.2986338498223333,-0.18341085240075602,2.567435714877093,0.31550487876783423,1.6755279680064417,0.08280263376500463,0.130610325409606,0.897024013398547,0.7469609966756668,1.0418334831032696,-1.218389120802316,-0.5503922202313595,-0.6023802870458702
0.9345528374955934,-0.41181602664020217,-0.2124195809897187,1.0491342226554425,-1.04454015961081,0.36674622553793645,0.023572605319593785,1.1219602566879903,-0.4581794972643458,-0.2583980009391945,1.2734215007734262,0.8207558512517694,-0.5503922202313595,1.6600808849573983
-0.2004956794361468,-0.41181602664020217,-0.16712896860407717,1.4665691771916696,-1.2182951700279243,0.42891672839186584,-0.48252576926724383,0.4157729651973955,0.8517080413250522,1.8062887369836882,2.2651353021742926,0.8207558512517694,-0.5503922202313595,-0.6023802870458702
0.08326644979678824,-1.2986338498223333,-0.10628631337376888,-1.6182411965454935,0.07698879244541529,-1.8625124958141113,-0.49029399158416315,-0.19965924390994336,-0.22894514683636905,0.8658404836054885,-1.315106018446929,0.8207558512517694,-0.5503922202313595,-0.6023802870458702
-0.05861461481967927,-0.41181602664020217,-0.39195377991225505,0.3714516776842162,-0.8498642210761076,1.5978704997200677,-0.6470303733867688,1.515497063060901,-0.8505316348929159,-2.094748386658157,-0.2165463076362054,0.8207558512517694,1.8168861463551327,-0.6023802870458702
-0.3423767440526143,-0.41181602664020217,-0.8285207724520778,-0.11698046871664478,0.14206451570617318,-2.343314722019661,-1.0928370559340272,0.10414783822494399,-1.6312941122518445,1.000285604683237,-1.2956370887020867,-1.218389120802316,-0.5503922202313595,1.6600808849573983
1.7858392251943984,0.47500179654192903,-1.9252696172536075,-1.7482681009846222,1.6428145659210656,-2.105303586901744,0.49351929538337796,0.5485072409624654,-1.8936088967450055,0.38240560308493643,0.26923088240591636,-1.218389120802316,-0.5503922202313595,-0.6023802870458702
-0.4842578086690818,-1.2986338498223333,-0.5098641492175561,0.39303343761367626,0.9655696687102752,-0.437450414181452,-1.53043438836326,-0.2879583198295703,0.32192512610510715,2.8110584066785114,0.3317823000809789,0.8207558512517694,-0.5503922202313595,-0.6023802870458702
0.36702857902972325,0.47500179654192903,0.49684341388479075,-0.44519932012871555,0.16758808851336263,0.3144754015151352,0.009571405772433657,-0.07694483933960482,-0.9322236008626,1.0648998061421213,-0.3076452538440498,-1.218389120802316,-0.5503922202313595,-0.6023802870458702
-0.3423767440526143,-1.2986338498223333,0.6137850679284643,0.7102224402655529,-1.0526934758741164,0.8072310153586956,1.7096164097914823,-0.3797332024115024,0.9145327052189146,-0.9300360380894851,0.7074615312798531,0.8207558512517694,-0.5503922202313595,-0.6023802870458702
0.5089096436461907,-0.41181602664020217,0.3963812824985519,0.2799278685158495,-0.48300209699684926,0.7085690488808206,1.0971881831378976,0.7928472641785531,1.6946562509415004,0.22263938865289407,-0.12500141339155496,-1.218389120802316,-0.5503922202313595,-0.6023802870458702
0.5089096436461907,-1.2986338498223333,-1.507007300443128,-0.5285500203683233,0.27128026917902687,-0.6065269358460934,-0.4514556858063335,-2.4959411375518155,-0.2871894881843659,-0.08156216756063515,0.09751874462142175,0.8207558512517694,1.8168861463551327,-0.6023802870458702
0.08326644979678824,-0.41181602664020217,0.1209366207498103,0.5356250983919063,-0.30631655551718434,1.1182006333442298,1.5433076041745304,0.5182827249159416,0.2237575501404284,-0.3388885354177263,0.362104443215286,0.8207558512517694,-0.5503922202313595,-0.6023802870458702
0.08326644979678824,-0.41181602664020217,-1.105434633147829,0.8427431383369224,-2.347396415509369,-1.2168466041941262,1.8230272227172521,-0.5024422668466189,-0.29349734522890425,-0.09848814603520993,0.4067573080725203,0.8207558512517694,-0.5503922202313595,-0.6023802870458702
0.08326644979678824,-0.41181602664020217,-1.2333444141470309,-1.273740976242187,0.013324307288943377,0.6122546399236459,0.7838940044872943,1.314228551701975,0.43655991668963356,-0.7919276143847392,-0.5277457582772794,0.8207558512517694,1.8168861463551327,-0.6023802870458702
-0.7680199379020168,-1.2986338498223333,0.18946128040647864,-1.3969472649397865,0.5001269430561939,0.2762916178745273,-1.4506790902841704,-2.4939428289451198,-1.7298237600252133,0.40707286094714357,1.0352199090600027,0.8207558512517694,-0.5503922202313595,1.6600808849573983
-1.1936631317514195,0.47500179654192903,0.6213739127096403,1.7009696323231855,0.29001912777038186,0.6820640530127521,1.1467263278397126,0.422448082800254,1.2649270480026633,0.5353945829671692,1.3099221409754063,0.8207558512517694,1.8168861463551327,-0.6023802870458702
-1.0517820671349518,-0.41181602664020217,-0.6636396664206524,-0.6475792908139756,-1.2601051090570972,0.2016104589554252,0.32331157404135624,0.8931905243276004,-0.07455821313716272,0.940920914853737,0.45471566750710385,0.8207558512517694,-0.5503922202313595,-0.6023802870458702
0.22514751441325576,1.3618196197240602,-0.4080298775716269,-0.9422872214821792,1.4133571432283192,-1.0748354004500922,-1.6519629437104761,-0.6818390124939392,-2.0124069387667674,-0.43162937993597855,-1.6562375644878662,0.8207558512517694,-0.5503922202313595,-0.6023802870458702
0.08326644979678824,-0.41181602664020217,-0.5366648533137324,1.2895320902336294,-1.6390080090277128,0.4564103238228217,1.6188291313154817,1.3257168699445008,-0.1591330757584364,0.5308460733424585,0.4552883683142472,0.8207558512517694,-0.5503922202313595,-0.6023802870458702
1.360196031344996,-0.41181602664020217,-0.9262870336389671,0.7546819300021143,0.7238836911760159,-1.4881719849489858,-0.5565733327943508,-2.6196932872355307,-0.2018325348637529,0.21720172204146324,-1.5276809178899917,0.8207558512517694,-0.5503922202313595,-0.6023802870458702
-1.335544196367887,0.47500179654192903,0.2661321567198119,-0.04115963379703288,-2.7547391623279975,-1.5739903091682081,-1.416849704489455,-0.24048066271547158,-0.3109927300568223,0.664822857683953,-0.2807056279167826,-1.218389120802316,-0.5503922202313595,-0.6023802870458702
-0.2004956794361468,-0.41181602664020217,-0.8262995304545333,0.5098413255083603,0.10572603824075996,-1.0537980982931585,-0.013135505521419922,-1.6064601139003756,-0.45470369091991336,-0.6969619642671484,-1.272426743773334,-1.218389120802316,-0.5503922202313595,-0.6023802870458702
0.36702857902972325,-1.2986338498223333,1.4979433851341488,0.8197759863405664,-0.6371892696936409,1.4343611759491963,-0.15171660039432477,0.038323067188625125,1.9832585586011062,-0.20314882806540832,0.4346654626948909,0.8207558512517694,-0.5503922202313595,-0.6023802870458702
-0.6261388732855493,-1.2986338498223333,0.7062631235238206,0.7747586942124695,-1.167915184175551,-0.41812148742522415,0.6379882632544992,1.4209342262440565,-1.1197322313486748,-0.7638242534301763,0.9224216657482808,0.8207558512517694,1.8168861463551327,-0.6023802870458702
-0.2004956794361468,-0.41181602664020217,0.785983220299752,0.6637444593554144,-1.3510920936660125,0.39113947019761874,0.48049758100680295,0.6951646903604555,-0.04659705766736569,-0.2166407825720194,1.6913638414794825,0.8207558512517694,-0.5503922202313595,-0.6023802870458702
1.0764339021120608,-0.41181602664020217,0.6629623183468127,1.7788805358367623,0.12645040799344884,0.7674912273529558,-0.175958258078428,1.6377783645971928,1.1324359609983032,-0.27503694570739956,1.117310779467876,0.8207558512517694,-0.5503922202313595,-0.6023802870458702
-2.470592713299627,1.3618196197240602,-0.74113962931782,0.20618600470206278,0.24271937198583374,-1.2197244435998964,-0.5635126072991757,-0.29368365859490586,-0.8629826889764891,1.297498651038221,-2.1736827423547442,-1.218389120802316,-0.5503922202313595,-0.6023802870458702
0.6507907082626583,0.47500179654192903,-0.3102529672829371,-1.2353308115186896,-0.209936788395661,-0.3081572516296843,0.23660424301399646,-0.7915283888539502,-0.6406328386972578,1.3871474561112513,-0.9979306995167677,0.8207558512517694,-0.5503922202313595,-0.6023802870458702
-0.6261388732855493,-0.41181602664020217,-0.1789094181203969,-1.125715056682363,-0.24263368436150767,0.4665614509646657,-2.5787988217464086,0.24854170405174264,-1.331452481564185,-1.6945514276832312,-1.0302914252670554,-1.218389120802316,1.8168861463551327,-0.6023802870458702
-0.9099010025184844,0.47500179654192903,-1.0372557562801203,-0.9034370947262463,1.3508911905281995,0.30211567762683406,0.6779984132069388,0.9216487351229018,-0.025289283551376582,1.521942748423245,-1.0913355224673615,-1.218389120802316,-0.5503922202313595,-0.6023802870458702
-0.4842578086690818,-0.41181602664020217,-0.7114174337131051,-1.4494831839102913,1.188480203328853,-1.306356104086713,-2.0072195512162243,-1.0825303495293606,0.14938883228068509,-0.9878228928341813,-0.6804141796730802,-1.218389120802316,-0.5503922202313595,1.6600808849573983
-2.0449495194502245,-0.41181602664020217,-0.6535149261332297,-0.3148885823985616,-0.6302963561183335,0.8675321547655148,0.8289776649202389,-0.20459746721730243,0.6513303232352676,-1.531604862441801,0.5485080975896067,0.8207558512517694,-0.5503922202313595,-0.6023802870458702
0.9345528374955934,0.47500179654192903,0.8432260579808629,0.8841766331008926,-0.6093857953776171,-1.1749431616456194,-1.099917706570382,-0.757849226908798,1.587844885156463,0.00744181732484792,1.6067149428091339,-1.218389120802316,-0.5503922202313595,-0.6023802870458702
-0.6261388732855493,1.3618196197240602,0.9875550201273834,0.2856738257333156,-1.1663962705083184,1.1847558369273798,0.6419012948795836,1.9712450011397593,0.9631224536492292,-0.3495516796209792,1.3914655415098962,0.8207558512517694,-0.5503922202313595,1.6600808849573983
-0.9099010025184844,-1.2986338498223333,-0.5160607895697855,1.1708960469640006,0.013972876135103986,-0.39148773677119464,0.9244757331217746,0.7325609864337078,-1.3682289255894893,1.508565910154572,-1.3926969417955568,-1.218389120802316,-0.5503922202313595,-0.6023802870458702
-1.4774252609843543,-0.41181602664020217,0.1385091462442368,0.24080611896460263,1.2506401392155004,0.22892119586648166,-1.1473119451543388,0.10020322958891488,-0.2633949363004333,-0.49229923816531146,-0.25142347339923266,-1.218389120802316,-0.5503922202313595,-0.6023802870458702
1.5020770959614633,-1.2986338498223333,0.8036902833711459,0.7779408513979451,-1.0744370418223124,0.05715467951993951,0.06871236747586476,1.4117656659985574,0.2606793425339113,0.11726691563886005,1.9185679384054148,0.8207558512517694,-0.5503922202313595,1.6600808849573983
-0.05861461481967927,-1.2986338498223333,0.6264566694588614,1.0678775803587826,0.6475637142684616,-0.05820821273178778,-0.1577214757289582,-0.4877639506819285,-1.5840880924769631,-0.2365800720571418,-0.7959003502772234,-1.218389120802316,-0.5503922202313595,1.6600808849573983
-0.3423767440526143,-1.2986338498223333,-0.513965055918012,0.33641773451661805,-1.7116512401372368,-0.08000422444037554,0.34026925579251444,-0.884092911773571,0.2091790672662782,-1.6416172359338523,0.007036746667505578,-1.218389120802316,-0.5503922202313595,-0.6023802870458702
-0.3423767440526143,-1.2986338498223333,1.143103547144933,-0.1907873853050041,-0.4124970701965146,1.938766669837207,-0.8890718784023434,0.9535672973135584,0.5180691634079281,-0.3574762684782953,0.7979652137332747,0.8207558512517694,-0.5503922202313595,-0.6023802870458702
-1.1936631317514195,0.47500179654192903,1.1633334809975433,0.3258628065416832,0.5121643496032656,0.5328944346096032,-1.0029621391531491,2.3306029684465353,-0.07732093652811314,0.3785588873019467,1.9792146819535066,0.8207558512517694,-0.5503922202313595,1.6600808849573983
-1.619306325600822,-1.2986338498223333,-0.7757729502480111,0.21084219105972837,-1.4426500812473602,0.227234526101334,0.6089506504602792,2.099820249532081,0.754160204299902,-1.35621095721941,-0.6239464288424004,0.8207558512517694,-0.5503922202313595,-0.6023802870458702
0.5089096436461907,-0.41181602664020217,0.3419274286010614,1.25648174195718,-1.8567736293859813,-0.5236810675202834,-0.7695611143233502,0.1784566639267821,0.528816213060367,-2.4500577457173285,-0.4683505687737904,0.8207558512517694,-0.5503922202313595,-0.6023802870458702
-0.05861461481967927,-1.2986338498223333,-2.6822246548428437,0.1590930133752631,0.7412849926650469,-0.8126386988116417,-2.091645244820789,0.29553594883068846,-1.4119147598023067,0.0822543099095031,-2.6167501996402978,-1.218389120802316,1.8168861463551327,-0.6023802870458702
-0.2004956794361468,0.47500179654192903,-0.05068464755994776,-0.8111856190245024,0.7863678883606136,-0.852655384843509,-0.42049353967554615,0.620066770923101,-0.36386474000619734,2.3126281729904368,-1.3357695812443464,0.8207558512517694,1.8168861463551327,-0.6023802870458702
-0.4842578086690818,-0.41181602664020217,1.5721345970602791,0.21436178520186355,1.0307533982543118,1.029246491578123,-0.5526038451172629,-0.9245209995888769,-0.6012236419197379,-0.7950862309062924,0.16284233024273687,0.8207558512517694,-0.5503922202313595,-0.6023802870458702
-0.05861461481967927,-1.2986338498223333,-0.02284443184163383,0.5111827366083079,0.3941813379866938,1.1524096093902867,0.0951395657554076,0.561748659792099,1.3117792632990783,-0.9586110201421885,-0.5218774593571074,0.8207558512517694,-0.5503922202313595,1.6600808849573983
-0.4842578086690818,0.47500179654192903,0.054886287280163884,-0.8058779263512941,-0.783814890523701,0.2700494016409053,0.7156228953125837,0.1205320277258925,0.7364092470233501,-2.2369744353548984,0.8720864374434352,0.8207558512517694,-0.5503922202313595,-0.6023802870458702
-1.7611873902172894,1.3618196197240602,0.25714503251236864,0.21055614148352084,-1.1347786857560473,-0.03224103349892928,0.6244699334575975,0.366839458896396,0.9197298065370632,-2.3109106816769183,1.4247222109210742,0.8207558512517694,-0.5503922202313595,-0.6023802870458702
-0.7680199379020168,1.8052285313151257,0.21568884819096018,0.5923064035922023,-0.9990812983509064,-0.8208542702201751,-0.15400928760050508,-2.20678876592293,-1.7328102428569094,1.7394304099742677,1.250054833109949,0.8207558512517694,1.8168861463551327,-0.6023802870458702
-1.335544196367887,1.8052285313151257,0.7963243981127023,0.8357739845152615,-0.1708474099641122,0.7201252681443573,-0.6385481043162337,0.5933767018390441,0.03722253389499283,0.4686090396302561,-1.4434144325905816,0.8207558512517694,-0.5503922202313595,-0.6023802870458702
0.22514751441325576,0.47500179654192903,0.008299638644952506,1.5802400680944289,0.004787404038768238,-0.3421922989330725,-1.2359104369303506,0.7621969459620958,-1.1408676182315103,0.20901281105661537,-0.36568817396884495,0.8207558512517694,-0.5503922202313595,-0.6023802870458702
0.5089096436461907,-1.2986338498223333,-0.3602272657422626,-0.7907795854689074,0.8937162515097439,0.6026405786116262,-1.1159199368932209,-1.9341855966874957,-0.7868927756614239,-0.42900820891252234,-1.0666208435828861,0.8207558512517694,-0.5503922202313595,-0.6023802870458702
0.6507907082626583,-0.41181602664020217,1.2711151380964654,-0.8464584382239841,-2.430265855333818,1.1801043610351183,1.5023766309922695,0.6381974379861436,1.361457277357207,-0.16110677096285259,0.4421892480193172,0.8207558512517694,-0.5503922202313595,1.6600808849573983
1.0764339021120608,0.47500179654192903,-0.6948916420813028,0.2563205147815593,0.0619255557871356,0.13530257199290974,0.34967018416605833,-1.7211996929860138,2.8112480115027636,-0.8153050632515583,1.2907740126890017,0.8207558512517694,1.8168861463551327,-0.6023802870458702
-0.05861461481967927,-1.2986338498223333,0.8523627574906683,-0.3022716393653562,2.2249265741728643,0.11751816576091288,-0.12172577818276567,-0.4157897984745779,0.907860834442915,-0.5019521942799349,-0.1023333682900798,-1.218389120802316,-0.5503922202313595,1.6600808849573983
-0.9099010025184844,-0.41181602664020217,1.7022396504346264,2.403049471511496,-0.2980225200805121,-0.0668043436353797,1.9029773410286444,1.2354547980021466,1.3368756285331223,-1.6759129026284916,-0.39134165533737786,-1.218389120802316,-0.5503922202313595,-0.6023802870458702
0.36702857902972325,-1.2986338498223333,1.4292641024670774,1.7198780527508384,-0.7369146368960043,-0.23875920434628717,2.474391556318646,0.5007664309086598,-0.857791986180288,-2.216458416322465,1.157794300757772,0.8207558512517694,-0.5503922202313595,-0.6023802870458702
0.22514751441325576,-0.41181602664020217,2.16280972435822,0.9773520125159356,-1.2634912960886355,-0.5582209469053785,-1.1450524893783025,-1.052041273694383,-0.531503932090477,-1.9902941228674138,0.25601979721899115,-1.218389120802316,-0.5503922202313595,-0.6023802870458702
0.7926717728791258,-1.2986338498223333,0.5592280695366932,-0.25723554031937845,-0.8067455262466572,-0.3821439713786325,0.01860729630520045,1.9542688386117542,0.00025785410856658114,-0.8847519099877974,0.8374069540188277,0.8207558512517694,-0.5503922202313595,-0.6023802870458702
-0.9099010025184844,-1.2986338498223333,-1.1779195146433015,0.37640296967229964,2.030892859869216,1.1342624450317527,-1.164780404771221,-1.381753601978724,0.4542691385469467,0.05408163213428821,-0.7257921005738496,0.8207558512517694,-0.5503922202313595,-0.6023802870458702
1.360196031344996,-0.41181602664020217,-0.3565479962245029,-0.09037049660150381,-0.6316191088756371,-0.7985780149183612,-0.4415409899116576,-1.0534223733286272,-0.5937948892152094,0.8827760805147193,1.110109021577641,0.8207558512517694,-0.5503922202313595,-0.6023802870458702
-1.1936631317514195,-0.41181602664020217,0.19981964218033657,-0.5023920991589228,0.706901042377024,0.1224459453855761,0.3041838924126727,-1.0575232361124147,1.3594846293055978,0.7255902801407882,0.5777689197932219,0.8207558512517694,1.8168861463551327,-0.6023802870458702
0.9345528374955934,-1.2986338498223333,-1.0093378406465565,1.6033869563371623,-1.8970961769624093,-0.6407140135805741,2.0568464883355797,1.2685585112687903,0.5576274253916016,-0.9200885022908311,-0.7638991911334272,-1.218389120802316,1.8168861463551327,-0.6023802870458702
1.2183149667285285,-0.41181602664020217,-2.2897622553299337,-0.9158900799669825,0.2817019095402837,0.04961027555511342,-0.21387278870589765,-1.2483143820108602,0.874917396349091,1.0048532366426568,-0.6724599212277707,-1.218389120802316,-0.5503922202313595,1.6600808849573983
0.08326644979678824,0.47500179654192903,-0.9389000123121232,0.7441057036620352,-0.08685743349383544,-1.499383932882463,0.7732520651653616,1.2204922065709445,0.1380290083598628,-0.07322595276266657,-2.0783671357746276,0.8207558512517694,-0.5503922202313595,1.6600808849573983
-0.05861461481967927,-0.41181602664020217,-0.3554933475552914,0.5589095845126205,0.4977945129470875,1.2284045270564425,-1.1439698749630804,-1.9215973875379093,-0.49140703109777867,0.2698107299488,0.2924677471053179,0.8207558512517694,-0.5503922202313595,1.6600808849573983
0.9345528374955934,1.3618196197240602,0.6211943562146999,-0.5497106339272921,-0.17560657665178145,0.8083311751031874,-0.12716495434354033,0.16431065557785937,0.40649769089167437,0.5210387190885841,-1.5547405718934562,-1.218389120802316,-0.5503922202313595,1.6600808849573983
0.5089096436461907,0.47500179654192903,1.4744594423584527,0.9776070689280211,0.6643062584332833,1.546109435664023,2.1671360121144523,1.265228667413862,1.80848527411625,1.6459428424498213,1.0541506002610777,0.8207558512517694,1.8168861463551327,-0.6023802870458702
0.36702857902972325,-0.41181602664020217,2.551776918243485,0.8231464702160092,-1.2186873851035522,-0.19603190521118657,-1.1170145879628515,0.32573457637510284,0.2751100784097286,-1.3741527577203843,0.45930410144094264,0.8207558512517694,-0.5503922202313595,-0.6023802870458702
-1.4774252609843543,-1.2986338498223333,-0.16116484107742104,0.11116552419993228,-0.9272735311433216,-0.47428188448478226,1.3556143197151225,1.720447830907799,-0.34045037729844946,1.2421342068056982,-0.7690734137718317,0.8207558512517694,-0.5503922202313595,-0.6023802870458702
1.0764339021120608,-1.2986338498223333,1.2415063511555535,0.45810356401946933,0.45345218062447895,0.7594743730058853,0.7897364772937965,1.3817316105914028,-1.7454438649276365,0.08865071432274761,1.0267060523985707,0.8207558512517694,-0.5503922202313595,1.6600808849573983
0.5089096436461907,-0.41181602664020217,1.8746970405504384,1.1591350645244964,-0.4302648892371224,0.16734401676408134,0.03568477910641279,1.5949784905731157,1.8493307709592004,1.0194770523716805,-2.3452350851136132,0.8207558512517694,-0.5503922202313595,-0.6023802870458702
0.9345528374955934,0.47500179654192903,1.4409940678052213,-0.9753948179621358,-2.0768589509933775,1.171259523163489,0.3283495705876987,1.0730510628564045,0.6088970148952456,-0.7939677376197856,-1.4329639081952827,0.8207558512517694,-0.5503922202313595,-0.6023802870458702
2.3533634836602686,1.8052285313151257,-0.963632872693683,0.011156780389708392,0.6293859549413716,0.1793663154683383,2.1057865784944845,-2.017929460323786,0.07212374905173302,1.3442690666636716,0.3384965411848457,-1.218389120802316,-0.5503922202313595,-0.6023802870458702
-0.2004956794361468,1.3618196197240602,0.5809122402067296,-0.9874536695673524,-0.9540622860156831,-0.8379354977822399,0.3435058491918483,1.5500075387995578,0.03320415352105694,-0.7502969645987297,-1.1339916312888334,-1.218389120802316,-0.5503922202313595,1.6600808849573983
0.22514751441325576,-0.41181602664020217,0.022594171813075315,0.8521911809417975,-0.48297414820062534,-0.045534437313695046,-0.0007384791527627642,1.4171167662872495,1.392581171757538,-0.6013891658346319,1.4961299446632133,0.8207558512517694,-0.5503922202313595,-0.6023802870458702
-0.7680199379020168,0.47500179654192903,0.27589773488340325,-0.369953295762449,-0.9091763262121793,-0.10435600799063544,-1.7254252707463584,0.996011004180173,-0.8704604327723681,-0.1453431433265755,-0.30184082924601974,-1.218389120802316,-0.5503922202313595,1.6600808849573983
0.7926717728791258,-1.2986338498223333,2.0117976901896224,-0.34036829612627856,0.06583596919846851,1.1808629543897848,0.23900174651858513,0.7532056313862321,0.014503608156661664,-2.037120444940829,0.5806738275098146,0.8207558512517694,-0.5503922202313595,1.6600808849573983
0.5089096436461907,0.47500179654192903,-0.5348264075758596,-1.1786494998477757,1.0998462277890408,-0.8723971836929768,-0.020675403676319672,0.3845883805489345,-1.185742731199447,0.9758505156787535,-0.9937682941707199,-1.218389120802316,-0.5503922202313595,1.6600808849573983
-1.1936631317514195,-1.2986338498223333,-0.680380767777165,1.1174994683625905,-0.06638664639432876,-0.2617314695099418,0.21140503446134856,-1.5968541511814873,-0.30914444883663533,1.1359529005349194,-1.2055780062646575,0.8207558512517694,-0.5503922202313595,-0.6023802870458702
0.08326644979678824,1.8052285313151257,0.4671316373047222,-2.115186089711754,0.013396523531063917,-1.426877553051434,-0.9929307711654364,0.09441180584562205,0.8247002063310481,0.006879470784644055,0.5811238176786536,-1.218389120802316,-0.5503922202313595,1.6600808849573983
-0.4842578086690818,0.47500179654192903,0.29012852614383894,0.9495734299230822,0.4810655949302802,-0.06883423738419758,0.9610072931431076,0.20866238113742966,1.1286842390099896,-0.10949223968169118,1.778579304971096,0.8207558512517694,-0.5503922202313595,-0.6023802870458702
0.08326644979678824,-0.41181602664020217,-0.945243554469732,0.5340428840949675,0.6101566899030548,1.1182085631964653,0.42917262717448096,0.25199105087267776,-0.737130526503229,-0.28197562471932025,-0.06418934911683917,-1.218389120802316,-0.5503922202313595,1.6600808849573983
-1.619306325600822,-0.41181602664020217,0.9275102827348154,-0.09027116298310132,1.412096324783497,-1.0209554335888078,-1.1153576568949242,-0.8420600497731431,-0.4175843273500232,0.9423749745915202,1.225415026426315,0.8207558512517694,-0.5503922202313595,-0.6023802870458702
-2.541533245607861,1.3618196197240602,-0.38394027244581036,-2.369609963370748,-0.43552432886585535,-1.0001132834799167,-1.1454395292879471,-0.8315239314093775,0.5095474294566041,-0.06981530643488112,0.3868972096361311,-1.218389120802316,-0.5503922202313595,-0.6023802870458702
0.9345528374955934,-1.2986338498223333,0.3952576530853208,-0.32638757933388696,-1.0006475868425873,1.3747661935297548,0.6511158509781126,0.10304070677423202,0.8285078904108794,-2.4761944221944527,1.6529063982920633,-1.218389120802316,1.8168861463551327,-0.6023802870458702
-1.1936631317514195,-0.41181602664020217,1.879872382874927,-0.49048811529892733,-0.9427231339514005,0.8128126543583766,1.7554266614425111,-0.739308102083745,-1.249128144670636,-0.8702899081892627,1.283507170537033,0.8207558512517694,1.8168861463551327,-0.6023802870458702
-1.4774252609843543,-1.2986338498223333,1.5325697459309293,1.8165499661544033,0.2855868558561363,0.08913767604720413,-0.1128369273643765,2.0248109485860994,-1.7647883251949568,-1.1968724637364356,-0.39503507582679703,0.8207558512517694,-0.5503922202313595,-0.6023802870458702
-0.2004956794361468,0.47500179654192903,-0.27389293075309834,-1.0793200753848524,-0.6465845608868059,1.0082511457401637,-1.5164419989585156,1.3517838516585299,1.6101212405545409,0.3529288442337043,-1.3655315397050152,0.8207558512517694,1.8168861463551327,-0.6023802870458702
0.5089096436461907,-0.41181602664020217,0.09189940992050338,2.3316101873939106,-0.14213433439356474,0.9900804378640748,0.10270431405403367,-0.5936907607034398,-1.7986200982566944,0.30224099080820627,-1.0081116190530213,0.8207558512517694,-0.5503922202313595,-0.6023802870458702
0.36702857902972325,1.3618196197240602,0.5255634197616017,-1.3731640050788407,-0.8814308502286522,-0.5468478329738017,-0.5715580026036852,0.03877437818676648,0.9885183779550478,0.5632821914363656,-0.4265864912088885,0.8207558512517694,-0.5503922202313595,1.6600808849573983
-1.335544196367887,-1.2986338498223333,-0.7865402446827644,-0.5898048447828816,-0.5488056821586436,-0.3528260343642193,-1.435394948023522,2.0615397271174665,0.7221615852612059,0.17451710351372207,-1.568346815806971,0.8207558512517694,1.8168861463551327,-0.6023802870458702
-1.619306325600822,1.8052285313151257,-0.16774198466107942,0.5730812795189724,1.668963004150882,0.09483890746166128,0.2818574133518544,-2.0479398704404796,-1.7438415872847202,0.9944466687625766,-1.2242770623588346,0.8207558512517694,-0.5503922202313595,1.6600808849573983
1.643958160577931,0.47500179654192903,-0.5029920188499384,-1.6310313860351129,0.15174402641453466,-1.1768084278127129,-1.5353533818189666,1.662384482334286,-2.1612725361269813,0.8332267436159162,-1.0495434837005961,0.8207558512517694,1.8168861463551327,-0.6023802870458702
0.08326644979678824,-0.41181602664020217,1.1193248352179277,-0.5131132326259896,-0.1240575863681058,-0.4342920196287538,-0.2110764379104178,-0.6172216719633926,-0.4950046287396454,0.44633827847874036,-1.2294565368114134,0.8207558512517694,-0.5503922202313595,1.6600808849573983
0.36702857902972325,-1.2986338498223333,-0.347166566203425,0.551385731975863,0.9845590022905951,0.5983506461801299,-0.022278850382799587,-0.39097088132579694,-1.4831635207946294,0.6235896389748543,0.6022216026234493,0.8207558512517694,-0.5503922202313595,1.6600808849573983
0.5089096436461907,0.47500179654192903,1.3229386010598019,0.18405417546295624,-0.6582469172065278,0.7095591829445235,1.143996319588329,1.3647037940662192,-0.15640748334150684,-0.32833915301229527,0.025469134163969433,0.8207558512517694,-0.5503922202313595,-0.6023802870458702
-0.7680199379020168,1.3618196197240602,-0.4822323620224247,-0.7160936398543624,1.1411839374979327,0.9103059874366284,-0.700074129113838,-0.5218191500483801,-0.31173937462038204,-0.6528437069366617,-1.1741771630358564,-1.218389120802316,-0.5503922202313595,1.6600808849573983
1.0764339021120608,-1.2986338498223333,0.144090050562381,1.0419563397113385,-1.8597331433645146,0.8537557992644289,-0.6381133174276861,1.1231739583681748,0.7045812527413285,-1.0631812992760712,-0.20596727255949376,0.8207558512517694,1.8168861463551327,-0.6023802870458702
0.7926717728791258,-1.2986338498223333,-0.3258194496447831,-0.38134410984629435,-1.0586769600148747,-0.4956040843638084,-0.7253210183042759,0.9827818763931369,-0.8130335291009795,0.1588819545590749,-0.024368918376292098,0.8207558512517694,1.8168861463551327,-0.6023802870458702
0.5089096436461907,-0.41181602664020217,-0.3267866617283882,-0.8611803543644643,1.5595828679355774,-1.109937074638567,-0.4808924819410576,-0.9003787123700361,-0.432100115252911,2.774974157160361,-0.8071448493311388,-1.218389120802316,-0.5503922202313595,-0.6023802870458702
-0.6261388732855493,-0.41181602664020217,-0.052018184016362816,0.10772090617334344,0.23724968938916444,0.5212406560675037,-0.18510946107564694,0.08846683356339015,-1.6920204409674091,0.34432307709695575,-1.1523385918062405,0.8207558512517694,-0.5503922202313595,-0.6023802870458702
-0.05861461481967927,1.3618196197240602,-0.6955996271459572,0.42323903489256937,-0.5574535765896814,0.5118921824207191,1.3311938248961177,-1.1125278548705355,-0.5087813022536836,-1.5431194715317977,0.9638227172572149,0.8207558512517694,-0.5503922202313595,-0.6023802870458702
-2.186830584066692,0.47500179654192903,-1.1122607398241697,2.461001663074803,0.36047282297201205,-1.2947575325878151,-1.1959855615122665,-0.44524472414157007,-0.46351020946418,1.0268784805359972,-0.6450710754805751,0.8207558512517694,-0.5503922202313595,1.6600808849573983
1.5020770959614633,0.47500179654192903,-0.22493705555920274,0.25033861519566203,-0.3833868363928006,1.3525786063966467,1.0648446662152073,1.294234228699431,1.579219870110582,-0.7008664956008274,1.0624131760566706,0.8207558512517694,-0.5503922202313595,-0.6023802870458702
1.0764339021120608,1.3618196197240602,-0.42970730113465416,-0.47577532165749087,1.1402613791867497,-1.2694175944638368,0.5123003156371034,0.21154110506003554,-0.23057916930047204,-0.15570628174243878,0.5210132918266237,0.8207558512517694,-0.5503922202313595,-0.6023802870458702
-0.4842578086690818,0.47500179654192903,0.7875519628538117,0.26419058101230447,-0.7290719786579786,1.2394154768853887,1.272307273890505,0.08342860884682797,1.1405946807287992,-0.6650151985126563,1.3630550171514615,-1.218389120802316,1.8168861463551327,-0.6023802870458702
1.7858392251943984,-1.2986338498223333,1.6870295258854937,1.1799092927924377,0.4618075650042307,-0.5098413287547723,-0.5437133271331633,0.8366391423764372,0.3248652303711511,-2.709430900231572,2.2040819546961856,0.8207558512517694,1.8168861463551327,-0.6023802870458702
-1.0517820671349518,0.47500179654192903,-0.308770481086525,0.24072646998882327,1.776777178462038,-0.5067229105280606,-0.8594946639585637,-0.20226955287193082,-1.0824484493762996,-0.7716019840215299,0.5746217718169224,-1.218389120802316,1.8168861463551327,-0.6023802870458702
-0.05861461481967927,-0.41181602664020217,-0.435468555784955,0.9454047470744769,0.9289818656717057,-1.1078505316623508,-1.9307501254962183,-0.7412951435223695,-1.3169049129950805,0.5041727292727032,0.43381297563723875,-1.218389120802316,1.8168861463551327,-0.6023802870458702
-0.4842578086690818,0.47500179654192903,-0.7888653704210484,-1.1786004768672405,0.4706906929016642,-1.4037264366943323,-1.4851404319918953,0.5283672101814161,-0.25063855515637934,0.012125949231764108,-0.8649804764154543,0.8207558512517694,-0.5503922202313595,1.6600808849573983
0.22514751441325576,0.47500179654192903,-0.578292173586847,-0.3219789157698509,0.2601898673053528,0.05709620621562846,0.08127967318809978,1.524789576424374,-1.3542913121013977,0.42311731378106665,0.3657188366076538,-1.218389120802316,-0.5503922202313595,1.6600808849573983
0.9345528374955934,0.47500179654192903,-1.3433458448536204,-0.43790466182566185,0.890482099340917,0.6686863671919361,-0.3776408328420246,-1.078147229106606,-0.9061250006297125,0.3405992163833367,0.46479300015649944,0.8207558512517694,-0.5503922202313595,1.6600808849573983
0.5089096436461907,-1.2986338498223333,0.7594651579254245,-1.882033674952149,1.4289955291594503,-1.1343495313774112,-1.7971685154651926,-1.3614744270813959,0.09363543288725175,-0.04612771301539532,-0.4249189006687054,-1.218389120802316,-0.5503922202313595,-0.6023802870458702
1.0764339021120608,0.47500179654192903,1.0186410971762976,0.4412781795351106,-0.6052033970098711,0.8176736280423947,1.2210963722363035,0.34831908160766345,1.0124895377972485,0.29617157034273756,0.9073268098781125,0.8207558512517694,-0.5503922202313595,-0.6023802870458702
1.2183149667285285,-1.2986338498223333,-0.7527324240623394,1.3459591942121654,0.06465275320034848,2.3445654354845886,-0.44428095348659796,-0.678369771746509,1.2112791363849236,-0.8046466425057421,0.839672869997147,0.8207558512517694,-0.5503922202313595,1.6600808849573983
-0.3423767440526143,-0.41181602664020217,1.0571705820457096,1.7526678004732918,1.0863511069746707,-0.5803774130890024,-1.9493462147967433,0.8229870120480296,-0.6305816887943774,-0.7648155903865034,-1.0325437943861333,-1.218389120802316,-0.5503922202313595,1.6600808849573983
-0.3423767440526143,-0.41181602664020217,-2.752359061996063,-2.0047727820319676,0.10644423357879555,0.47166937306258383,-1.113585951786293,-0.9657819113293105,-0.0064746928047844056,1.9098180543100376,1.8675369569924374,0.8207558512517694,1.8168861463551327,-0.6023802870458702
-0.6261388732855493,0.47500179654192903,0.016458045885991805,0.10737146086198984,-0.06078236824060259,0.13056353522503075,1.561622068281319,0.422097301600997,0.5993254023239186,-0.593679226923168,-0.48228996035912886,0.8207558512517694,-0.5503922202313595,-0.6023802870458702
-0.4842578086690818,1.8052285313151257,-0.7975233472992354,0.2710741002785715,-0.7093169127193859,-1.040436355743186,-2.598942351847712,-1.5924548702259083,-0.20980736019549465,-0.1528796212954086,0.8375830527393724,0.8207558512517694,-0.5503922202313595,-0.6023802870458702
-0.2004956794361468,-0.41181602664020217,0.599225888435519,-1.041322491025786,-1.9158645621678276,-0.2609610608187349,0.7000700525821983,0.45365894235248444,-0.020827119897233654,-2.078861302515013,-1.0463832758340195,0.8207558512517694,-0.5503922202313595,-0.6023802870458702
1.5020770959614633,-0.41181602664020217,0.8722300407214776,0.420255814197483,-0.1729241655615522,-0.04203316530950323,-0.10385948069943278,-0.2988300614471568,0.5301869701928803,-0.17189751188305102,-0.5285116097607668,0.8207558512517694,-0.5503922202313595,1.6600808849573983
0.08326644979678824,1.3618196197240602,0.36104879882346275,0.6002724293578452,0.060425330008520226,-0.7403855383444992,1.0162080638990252,-0.2861001723034613,2.38364328862966,-1.2377332230570661,1.164005580980725,0.8207558512517694,-0.5503922202313595,-0.6023802870458702
0.6507907082626583,1.8052285313151257,0.12826792417877772,0.0955231848809646,0.5546769187357001,-0.7991514936945009,0.03536167405173841,1.107508332069348,-0.7813369892655846,1.6022780979971354,0.13674449257903587,0.8207558512517694,1.8168861463551327,-0.6023802870458702
-1.4774252609843543,-0.41181602664020217,-1.483400509139478,0.18916852281298926,1.6617822796732946,-0.490267556929573,-0.6060659287595674,-1.4194125616655413,-0.1549913599228851,1.6699976976403526,-1.3199683041145776,0.8207558512517694,-0.5503922202313595,-0.6023802870458702
-0.9099010025184844,-1.2986338498223333,0.969018151735526,-0.048539079084195275,1.7004807203981542,1.211245903845563,1.0255614512411801,-0.04575324219845103,0.18365403731102647,-1.1504422120420428,0.6398658706639997,-1.218389120802316,-0.5503922202313595,-0.6023802870458702
-1.9030684548337569,0.47500179654192903,0.32390409837935785,-0.529548545984697,-0.08342971650712905,-0.6177053861516283,-0.8940267004314335,0.3813411147078796,-1.9840511862325274,0.7208870483199368,0.48288031444463436,0.8207558512517694,1.8168861463551327,-0.6023802870458702
-0.05861461481967927,-0.41181602664020217,-0.21975266940713753,0.6899230188160356,0.5551348039977733,0.05458591730446741,-0.7586126429032516,-0.4324682349972547,-0.10422689883435593,1.1543455319336016,-1.0534765203511314,-1.218389120802316,-0.5503922202313595,-0.6023802870458702
1.360196031344996,1.3618196197240602,0.8874073836690564,0.19165519451940294,-0.7760555625074829,0.2019085465552157,0.8304680077703334,0.3338111674745871,0.2290913260178024,0.36342329073949997,1.050473223804234,0.8207558512517694,-0.5503922202313595,1.6600808849573983
-0.3423767440526143,0.47500179654192903,0.8786768608272716,-0.6870159252105124,-1.2036562061956402,-0.07531318297270509,-1.1534227110383743,-1.6613490750489643,1.0630201214086552,-0.8240244416944228,-0.35339061192687277,0.8207558512517694,-0.5503922202313595,-0.6023802870458702
-0.6261388732855493,1.8052285313151257,0.8689080904092152,1.37171010005852,-0.2542555302715818,-0.5166092687633866,-1.3930488397269722,-0.0891576272333719,-0.7268286249809061,0.06998271838880055,0.5559013300815752,-1.218389120802316,1.8168861463551327,-0.6023802870458702
-0.3423767440526143,-0.41181602664020217,0.3811553877654642,1.763778077814283,0.32469071705828284,-0.1648347691886928,-0.18448774766254059,0.14658397745473384,0.9117402100856762,-0.9707389729856206,-0.9272513814419721,0.8207558512517694,-0.5503922202313595,-0.6023802870458702
-0.05861461481967927,1.8052285313151257,0.2880062102934207,-0.4516748566848555,-1.1646558372053244,1.241387157239653,0.9929333835718319,0.15393238856153443,0.7846775041086036,0.7451418046976079,-0.9494672833768977,0.8207558512517694,-0.5503922202313595,-0.6023802870458702
-1.1936631317514195,0.47500179654192903,-0.0793990547020506,0.3136859562607729,0.3634282104429213,1.6881512005518544,-1.1018422220593516,0.40383953907731734,1.3522743000874673,-1.2479942648034161,0.726346909512516,0.8207558512517694,-0.5503922202313595,1.6600808849573983
-0.3423767440526143,1.3618196197240602,-1.5042122911608946,-0.6297585858214173,-0.08511346061753287,1.7230122248579303,0.06804087984348299,0.769631590435462,-1.4629022130083555,2.0792414661209975,-1.7801370151414992,-1.218389120802316,-0.5503922202313595,1.6600808849573983
-0.05861461481967927,-1.2986338498223333,0.33536089083807963,0.1235834607919883,0.16796193828658365,0.07927576385084076,-0.062455464844840484,-0.2880061795066755,0.39776323934325786,-0.027853783335009288,1.2612831124759059,0.8207558512517694,1.8168861463551327,-0.6023802870458702
0.6507907082626583,-1.2986338498223333,-2.0167322661547193,-1.434436619269023,1.338973466181973,-0.9716680956911521,-0.35878525221676555,-1.2376497932248727,0.67516638832884,0.6727396964485073,-1.2100252682347534,0.8207558512517694,-0.5503922202313595,1.6600808849573983
-1.7611873902172894,0.47500179654192903,-0.03155266516191272,-1.1993712286283973,-0.0622190654568686,-0.6244534453418886,-0.37168826532546223,-0.8049710585553291,-1.216844512770175,1.2437058822870408,-0.37211205326945046,-1.218389120802316,-0.5503922202313595,-0.6023802870458702
0.08326644979678824,0.47500179654192903,-0.7301888968584996,-0.325547444817446,1.139613079304213,-0.37737392258894426,-1.23899745998979,-1.6837013404222985,-0.6681460576914452,0.2576785638548995,-1.0693915399559566,0.8207558512517694,-0.5503922202313595,-0.6023802870458702
1.643958160577931,-1.2986338498223333,-0.4088969941352619,0.8702272641453334,-0.5030348919711116,-1.5176444912162776,0.12413381129326045,0.6899952374953048,0.8182860676734788,-1.213151537284933,1.005240290960733,0.8207558512517694,1.8168861463551327,-0.6023802870458702
1.0764339021120608,0.47500179654192903,-1.7179879812991026,0.6492192056780165,1.3449382924506972,-1.5558336621353122,-0.15363814104836482,-0.7579623873828538,-0.810225034234324,1.1455062120495403,-0.3275216594128516,0.8207558512517694,-0.5503922202313595,1.6600808849573983
-0.9099010025184844,-1.2986338498223333,1.321418804725661,-0.20352658965949666,-0.7606513554558402,-0.37656569016932007,0.6698316305848886,1.337408795421333,0.9683242851019079,-1.35942360471002,2.3328457230625816,-1.218389120802316,-0.5503922202313595,1.6600808849573983
-0.9099010025184844,-1.2986338498223333,0.3391740411836374,0.7099542943407794,-1.6535774287510985,-0.511582963933837,1.3003880490359567,-0.2678101489860267,0.010553286858695997,-1.2545713398697418,0.3871558150334642,0.8207558512517694,-0.5503922202313595,1.6600808849573983
0.22514751441325576,-0.41181602664020217,0.3011616307793767,0.6405425357149361,-1.7464955196092418,-0.4321307262623379,-1.5193386088538499,-0.23940639180177037,1.2040228848090955,0.8165767881042737,-0.03443767811042233,0.8207558512517694,-0.5503922202313595,-0.6023802870458702
-0.6261388732855493,0.47500179654192903,1.502927857494897,-0.21395342008679213,1.3294254755733037,-0.303658943408639,-1.3191775361197788,-0.30108716178971917,0.5620617165924111,0.6989409027500441,-1.4047633072360737,0.8207558512517694,-0.5503922202313595,-0.6023802870458702
0.08326644979678824,1.8052285313151257,1.4880641458224158,-0.41221140325301775,-0.09847787246436272,-1.0935951619358377,-0.28323297568274197,-0.06528348728692558,-0.06397207202142798,-1.3772039125882707,-0.47321274819027787,0.8207558512517694,1.8168861463551327,-0.6023802870458702
-1.0517820671349518,-1.2986338498223333,0.1841253182497089,1.1496209559153745,-1.1856035084978156,1.0647690996107302,-0.04223759512895096,1.2187859546062496,0.035576971492435265,-1.4996678220850725,2.1992773455938175,0.8207558512517694,-0.5503922202313595,1.6600808849573983
0.36702857902972325,-1.2986338498223333,0.5548562979949587,-0.035405430169468226,-0.7694762281636813,1.027027804214397,0.42394028192085287,-0.554580294494285,1.2084233346347988,-1.2116988614848967,0.5407831158768879,0.8207558512517694,-0.5503922202313595,-0.6023802870458702
0.36702857902972325,1.3618196197240602,1.1027106583148991,0.18924102688934055,-0.0023917832018034526,-1.5200698418112635,-1.081417984678124,-1.7262997826433515,0.23909983229089846,0.5103859652099141,-0.4385735058436929,-1.218389120802316,1.8168861463551327,-0.6023802870458702
0.7926717728791258,-0.41181602664020217,-0.6764416610125206,-0.6744432919647088,-0.02970595949817664,0.7565611226601987,-1.6592072603602648,-0.2724065592848653,0.15491772587222996,1.2800144593514629,-1.2224789416313493,0.8207558512517694,-0.5503922202313595,-0.6023802870458702
0.9345528374955934,-1.2986338498223333,-1.295682339921754,0.010308517413046076,0.9454056074761877,-0.27578121753355284,0.2689404168093779,1.0035819710931901,1.276735019097345,-0.160950386241082,0.3665357020873747,0.8207558512517694,1.8168861463551327,-0.6023802870458702
-0.05861461481967927,0.47500179654192903,-0.2971150542972562,-0.46509838143079585,0.035468376150029894,0.08607185350867778,-0.42835926961934334,-0.39500781819328695,-0.49290856742809874,0.6895604925804648,1.348236669014711,0.8207558512517694,-0.5503922202313595,-0.6023802870458702
0.22514751441325576,1.8052285313151257,0.07951859737615356,0.8410901920859288,0.33688877965703945,0.5554394480698616,0.7713484289429164,-0.36888944130035656,0.7011872759948342,-0.824169730390288,0.1774706693572348,0.8207558512517694,-0.5503922202313595,-0.6023802870458702
-0.6261388732855493,1.3618196197240602,1.0660992679622638,-0.5452571550642633,0.16113792001282357,-0.4585572908729705,0.5937894214734095,0.6282937412093771,-1.1913530086732242,1.591106107693901,-1.378578166942618,0.8207558512517694,-0.5503922202313595,1.6600808849573983
-0.2004956794361468,-0.41181602664020217,-1.3969883569834392,-0.7823421381551093,0.22809874262979227,-1.101400570468819,1.1953028395993495,-0.30846535752126186,-1.525841734217796,-0.46568273609621813,0.7506398362314812,-1.218389120802316,-0.5503922202313595,-0.6023802870458702
0.08326644979678824,1.8052285313151257,1.1945845954120078,-2.197440206149439,0.5133626497236218,-0.4442034631414266,0.26332447799460634,-1.2042105238161231,0.7671604238605233,1.4191292514462626,0.488362868303737,0.8207558512517694,-0.5503922202313595,-0.6023802870458702
0.5089096436461907,-0.41181602664020217,0.4834132074587714,1.2195785705967561,1.6302370573800118,0.926112868891605,-0.8084005641263036,0.6702450589983505,-0.021873906783596783,-1.7533674327871482,-1.2572095136924464,0.8207558512517694,-0.5503922202313595,-0.6023802870458702
1.643958160577931,0.47500179654192903,1.665983232004508,1.39245520506306,-0.13505517757804036,0.8084315030830295,0.0866133026167988,-0.00594827970282319,0.26112646874132117,-1.6215404103199218,-0.19005934487148807,0.8207558512517694,-0.5503922202313595,1.6600808849573983
-1.4774252609843543,-0.41181602664020217,0.06964933546058524,0.4310363493743674,1.8227920733469145,-0.42485202519926607,0.5035642114263034,2.0495513577412576,0.3049967366686535,-1.7274365290073668,-0.80471720488956,0.8207558512517694,-0.5503922202313595,1.6600808849573983
-1.335544196367887,0.47500179654192903,0.009733677228078214,0.017273086812852716,-0.19933454086030158,-0.7958071552623077,0.08572122492941323,-1.3647236472641824,-0.8958420569466259,0.15430964910118664,-1.0715447878242417,-1.218389120802316,1.8168861463551327,-0.6023802870458702
0.36702857902972325,1.3618196197240602,-1.9950039809193785,0.1861429196646508,-0.16676139231792578,-1.6443041235174383,-1.997969525420917,-1.1263087020617641,-2.148327555536904,-0.24684153134113687,-1.0189681314567605,0.8207558512517694,1.8168861463551327,-0.6023802870458702
-0.7680199379020168,0.47500179654192903,-0.47041133165986343,-0.4538963666790021,-1.0749976388868343,0.4393740494685603,0.4190816735335151,1.2246226217633416,-0.4603048274397309,0.03360988132703566,1.665185182995611,0.8207558512517694,-0.5503922202313595,1.6600808849573983
-1.0517820671349518,0.47500179654192903,-1.5910927243520978,2.018320010707553,0.9441552758863163,-0.7856730048201995,-0.35356303953084367,-1.7772869298835725,-0.4668672491295927,1.4484093585231939,0.4169340056794639,0.8207558512517694,1.8168861463551327,-0.6023802870458702
-1.335544196367887,-1.2986338498223333,-0.11938777110527453,1.7178977207130672,0.04561924262318695,2.3445654354845886,-0.38976194741348535,-0.5302156934653037,-1.305131540488397,-1.9694876597512572,-1.332508628451327,0.8207558512517694,1.8168861463551327,-0.6023802870458702
-0.3423767440526143,-1.2986338498223333,1.2002685124082655,0.8070156413002729,-0.932792242776187,1.641669410842024,-0.8725924431002342,0.7495975255501461,0.08728557602480563,-0.7269945924556419,-0.9900023399115713,-1.218389120802316,1.8168861463551327,-0.6023802870458702
-0.05861461481967927,-0.41181602664020217,-0.6180557391928737,-0.5742723377080692,-0.1143154990168331,1.2495149767069915,-2.113386753714571,-0.9304113403302384,-0.5957469668109107,0.4847188394673966,-0.8293461160330481,0.8207558512517694,1.8168861463551327,-0.6023802870458702
1.9277202898108659,1.8052285313151257,-0.6540901018954889,-0.13487066419865038,1.3816672505088476,-0.7298300580602989,0.0420580035072165,-0.41895820380517623,-0.37508198835696915,2.2449247044015443,-0.02560912336609156,0.8207558512517694,-0.5503922202313595,1.6600808849573983
0.08326644979678824,-0.41181602664020217,-1.2758041051837248,-1.1260762412762857,-0.35696669793195546,-1.2735229926087979,-0.7637986239147064,0.9999734358268391,0.8237184595356664,-0.8916506318396892,-0.26501115113676443,0.8207558512517694,-0.5503922202313595,-0.6023802870458702
-0.05861461481967927,-0.41181602664020217,-0.464121525634053,-0.7061025804222951,0.5432104487693069,-1.5210001350329696,-0.30707850394795433,0.09823676259348225,-0.0010088809843062678,-0.3725285866684756,-0.2306628638482889,-1.218389120802316,-0.5503922202313595,-0.6023802870458702
0.5089096436461907,-1.2986338498223333,-0.9290132179641134,1.8990478844218825,-1.8083073510532053,-0.3213317354234732,0.08527736483137445,0.4552497853466708,0.6560657288808625,0.8145487615826287,0.8653178429977159,0.8207558512517694,1.8168861463551327,-0.6023802870458702
-0.3423767440526143,-0.41181602664020217,0.9567578567888387,0.7261071680055351,-2.7547391623279975,0.7460335579984124,1.1253852534251703,1.3359178825372593,0.27625480356243853,-2.1253947178093386,0.42348435932891254,0.8207558512517694,-0.5503922202313595,-0.6023802870458702
0.22514751441325576,-1.2986338498223333,-0.16938825492168103,-1.1250158243095878,-0.362486574518029,0.7977737723509917,0.2963167256217177,0.2092957216706001,0.6928493016950985,-0.20755768806830838,-0.09412297865047263,0.8207558512517694,-0.5503922202313595,1.6600808849573983
1.9277202898108659,-1.2986338498223333,-0.753500836296517,1.0203165810370511,1.443559028145639,-0.8361586480416393,-1.5050203564964058,0.5148326977685996,-1.1421583523574044,-0.43266975401393387,-0.5468729909130075,0.8207558512517694,-0.5503922202313595,-0.6023802870458702
0.08326644979678824,-1.2986338498223333,-1.0997677716365397,0.15443272874992542,1.4865885650871271,-0.36180425251469717,0.3948660800625072,-1.1414908442239071,-1.6752180055173895,0.49908118937323104,-0.5787884200236874,-1.218389120802316,1.8168861463551327,-0.6023802870458702
0.36702857902972325,-1.2986338498223333,-0.5591371510162705,1.1272180319016478,-0.9589105989565396,0.5664631217816565,1.206890192642616,0.6113179913828571,0.8731969707968905,-1.003454794213973,-0.2621572117554289,-1.218389120802316,1.8168861463551327,-0.6023802870458702
-1.0517820671349518,0.47500179654192903,-2.039807026058076,0.05311636721578445,0.43547478053654926,-2.8369778305596247,0.6934522266723239,-1.0635742544042475,-0.2816603398840552,1.0037680031238476,0.34914243363522474,-1.218389120802316,1.8168861463551327,-0.6023802870458702
-0.3423767440526143,-0.41181602664020217,-0.010653577524361902,-0.4215535710707665,1.7403942611620216,0.45555473650847556,-2.6245142469107483,-0.9866958006799641,-0.8683750893007297,0.9544754698891458,-0.25378942001474236,-1.218389120802316,-0.5503922202313595,-0.6023802870458702
0.22514751441325576,1.3618196197240602,-0.7296769042137599,-0.0678136410604559,0.2046251754990146,-0.8940215067716264,-1.5465041085729374,-1.1104406184406117,-1.2920487895078485,2.0621252134635553,-1.2887225721431876,-1.218389120802316,1.8168861463551327,-0.6023802870458702
1.360196031344996,1.8052285313151257,0.005739964620785139,-0.6351014603426787,-0.18123146651108168,-1.3271557836892842,-0.48735301714253315,-1.2981655670163461,-1.5590508748358152,0.18758139719296324,-0.5354550610336238,-1.218389120802316,-0.5503922202313595,1.6600808849573983
1.7858392251943984,1.3618196197240602,-0.5825948335234176,0.6349718208742459,1.9063388294736383,-1.4540151337589127,-0.6720919773885441,-0.760302440667688,-0.6758073538077647,0.7950192625000957,2.2748480031000917,0.8207558512517694,-0.5503922202313595,1.6600808849573983
-0.3423767440526143,-0.41181602664020217,0.028054002818719535,0.39588655833763375,-0.8914501886448737,1.9690875716079603,-0.08735107737227435,1.6486181255433372,1.992422706154269,0.25548259852126415,1.5284407204697315,0.8207558512517694,-0.5503922202313595,1.6600808849573983
-1.0517820671349518,-0.41181602664020217,-0.7513085172931246,-0.2207924028946394,-0.9051087205537149,0.7548956328046716,0.45459039276209,-0.3081491404853465,1.117376470037155,-1.611641594815586,0.7764493003154553,0.8207558512517694,-0.5503922202313595,-0.6023802870458702
-1.0517820671349518,1.3618196197240602,-0.32185010825255606,-1.2400286869016115,0.8723714451728115,-1.232567835926601,-1.1940611859013348,-0.5287613133153848,-0.7921339012759582,-0.23376805419391664,1.6358432430756789,-1.218389120802316,-0.5503922202313595,-0.6023802870458702
-0.9099010025184844,-1.2986338498223333,0.45786950430632484,0.21998757547332348,-0.2605801165508283,0.9217837330453519,0.1298959979368901,0.005157989539084935,0.7792615080829075,-2.84525110745988,-0.1886553491898188,-1.218389120802316,-0.5503922202313595,-0.6023802870458702
0.08326644979678824,-0.41181602664020217,0.27559984450882213,-0.3588873093699378,1.412784363304185,-1.9287360597445389,-0.7536640466019452,-1.378095196595947,0.45829301440614595,0.4457276621021992,-0.12363157664520469,0.8207558512517694,-0.5503922202313595,-0.6023802870458702
-0.05861461481967927,0.47500179654192903,0.9849389730257395,1.996919127324551,-0.7363170010239869,0.013123239469543307,2.1628310520701497,-0.06309226299004293,0.26555066162785484,-1.2369645334481827,-2.5492468789166587,0.8207558512517694,1.8168861463551327,-0.6023802870458702
-0.3423767440526143,1.3618196197240602,-0.4909692246812417,1.7421071221432416,0.18728668378943247,0.9211980537831882,0.10699423140425653,0.41809434128953976,0.7760903720437268,-1.2088838532164154,1.8120818767602243,-1.218389120802316,-0.5503922202313595,-0.6023802870458702
-1.4774252609843543,-1.2986338498223333,1.408209743887224,2.6485626580804875,1.0073938870326915,0.8511966514072843,1.3700895006696512,0.6658766252586604,1.5124930418382272,-1.497131547769907,1.3852214094086504,-1.218389120802316,-0.5503922202313595,-0.6023802870458702
-0.3423767440526143,1.3618196197240602,0.23120162665567082,0.20140642110858084,0.7028693037116971,-1.2073644839762705,-0.03247553865734353,0.38200476922030213,-0.7152509338681002,1.2789931223253692,0.23796391657989388,0.8207558512517694,-0.5503922202313595,-0.6023802870458702
-0.7680199379020168,-0.41181602664020217,1.7785499088091152,-0.7415272188767759,0.07522535965777948,1.2198216727104012,-0.701332329654063,-0.5339500159845525,0.009610103811638676,0.778408156977255,-1.728568213073535,0.8207558512517694,-0.5503922202313595,1.6600808849573983
1.0764339021120608,0.47500179654192903,-0.6910477694705436,-0.8479445999173761,0.3297949332947282,0.23052506470017697,-1.5639723110761115,0.1004634661236907,-1.9171824450594936,1.9183821790025075,-1.153180128571972,-1.218389120802316,1.8168861463551327,-0.6023802870458702
-0.3423767440526143,0.47500179654192903,-0.32839418554691335,0.7109110115355359,1.5102324809298202,0.3273326963064273,0.40001161985227673,2.1709549865223874,-1.2465418746157213,0.47623336939033356,-1.8265967860671128,-1.218389120802316,-0.5503922202313595,1.6600808849573983
1.360196031344996,0.47500179654192903,0.7536874682067545,0.5658572655012782,-0.12657862003467116,0.13520953188941368,2.255334384581932,-0.167476647463534,1.2215507093276798,-0.3689389832995844,-0.7548435910252711,0.8207558512517694,1.8168861463551327,-0.6023802870458702
0.08326644979678824,-0.41181602664020217,-0.11217678385434536,-0.12721668903471095,-0.5537471589050224,0.7964709231796737,0.8584115370281749,-0.512950924876818,-0.37823405536839777,1.8265381597285444,-1.1987967883806807,-1.218389120802316,-0.5503922202313595,-0.6023802870458702
-0.7680199379020168,1.8052285313151257,-0.6541404358860422,-2.179431160808539,0.3797401807024663,-1.5211844615845698,0.5078788296209721,-0.6109352709438247,-1.4256634420858103,0.22900042605445778,0.45324711158997016,0.8207558512517694,-0.5503922202313595,-0.6023802870458702
1.9277202898108659,1.8052285313151257,-0.18545456969153393,-0.6400364477473062,0.892322430287698,-0.4508351859120269,0.0931918468321389,-1.0572036299945542,-0.47287798708939366,1.2379648992750214,-1.259635521132547,0.8207558512517694,-0.5503922202313595,1.6600808849573983
1.0764339021120608,-1.2986338498223333,-1.1367165492471167,-0.08386254694785292,-1.620874223804259,-0.25982871729354884,-0.09619571619867272,0.5532609252022995,-0.027999589123792766,-0.15851124230529653,0.6026112616895366,0.8207558512517694,1.8168861463551327,-0.6023802870458702
-0.2004956794361468,0.47500179654192903,-0.007168060106524764,1.8697612511997375,0.03773414427904125,0.2901345075516034,0.5164149941918041,-0.2498234349910747,0.3610581370412883,0.6428765095562993,-1.150231613935657,0.8207558512517694,-0.5503922202313595,-0.6023802870458702
-0.05861461481967927,1.8052285313151257,-2.357922761714468,-0.5307193877267705,1.138284399271569,-0.9464033210050898,-1.709352000406039,0.5667944603281682,-2.057639626017416,1.399614457286807,0.2216739141794458,-1.218389120802316,-0.5503922202313595,-0.6023802870458702
-0.05861461481967927,1.3618196197240602,0.1715236611167834,-1.7693531888393268,0.7921628742718304,0.8631689176928544,0.4142083815105144,0.5884778761806677,-1.8020790324392348,-0.11404999117859103,-0.4042071579410999,-1.218389120802316,-0.5503922202313595,-0.6023802870458702
-0.6261388732855493,0.47500179654192903,1.7378217975386892,1.1143828492708874,0.6021594018841856,0.08132139964401873,-0.290716020666529,1.8719611577409785,-0.23805146717163825,0.16114917871232656,1.3830486563756925,-1.218389120802316,-0.5503922202313595,-0.6023802870458702
-1.0517820671349518,1.8052285313151257,0.15766178432641179,-0.7790677191580673,-0.7367748951296471,-0.9673565531448848,0.4067444556307095,-0.3542336417178111,-0.20802271971366004,0.47927313853929715,-1.4771771698495233,0.8207558512517694,-0.5503922202313595,-0.6023802870458702
1.2183149667285285,-1.2986338498223333,1.0818645219776353,-0.13910625704743537,-0.492792762786189,0.9570023193750063,1.6624298374188684,-0.7855442544247903,-0.7366062767520576,-0.7898970208619329,-0.5965729371994404,0.8207558512517694,-0.5503922202313595,-0.6023802870458702
0.08326644979678824,0.47500179654192903,1.0403847236989312,-1.1015643299386546,-0.26522999679431003,0.5048068048985819,0.525356030824463,0.600485722612576,1.6639063405134817,-0.04727942117223861,0.9695348279576704,0.8207558512517694,-0.5503922202313595,1.6600808849573983
-1.9030684548337569,-1.2986338498223333,0.9242340456968909,-1.0314144253983668,-0.8767076961904703,0.12377675722554804,1.2129190736425062,-0.17427433736213396,-0.13123317267872317,-0.3824745772521649,1.2380730416409824,0.8207558512517694,-0.5503922202313595,1.6600808849573983
-0.9099010025184844,-0.41181602664020217,0.2994007199794845,-1.4305572902237644,-0.3360192727205356,-1.3769200120576313,-0.5122726701419099,-1.1440737403408585,-1.395060101936844,-0.4187002475411447,-0.0004483357279811061,0.8207558512517694,-0.5503922202313595,-0.6023802870458702
-0.6261388732855493,-0.41181602664020217,0.3792594067842843,-0.0052359397674553105,1.5602052792847088,1.069296629518418,-0.22788147444888884,-0.08764939707570796,1.037465181551532,-0.6504276137163126,0.760997486050407,0.8207558512517694,-0.5503922202313595,1.6600808849573983
-1.1936631317514195,-1.2986338498223333,0.044620052117469416,0.7410315009422775,0.7510279156636404,2.1748191179949603,0.3885763020597127,-0.42209507545432917,-0.4337639844487817,-0.9246120362486855,-2.2478327863361716,0.8207558512517694,-0.5503922202313595,-0.6023802870458702
1.360196031344996,1.3618196197240602,-1.6662610658080255,0.09097029067641767,1.4152312527752768,-1.1997893293127253,-0.8782573654730237,0.6838982429726269,-1.4843164747316633,1.080603984036903,-0.5309972305234222,0.8207558512517694,-0.5503922202313595,-0.6023802870458702
-0.05861461481967927,-0.41181602664020217,0.00020937382824546793,0.9899054428917958,-0.8798030177313623,-2.011952864754045,0.35124599305207466,-1.2154231108006814,-1.8086132158618102,1.4503891848352286,0.4021093351094313,0.8207558512517694,1.8168861463551327,-0.6023802870458702
-1.1936631317514195,0.47500179654192903,-0.525785133885524,-0.8983821170263043,1.5304370133087173,-0.207946359160559,-1.0121845463424035,0.6880823191148939,-0.24262707970855454,0.851673979174495,-0.10015282977140193,0.8207558512517694,1.8168861463551327,-0.6023802870458702
0.08326644979678824,-0.41181602664020217,-0.5509635580542721,-1.451961109360547,0.016939285392474614,0.25949617847767315,-1.5972442792696915,-0.8326390077875608,-0.09947054870748348,-0.6776911205624429,-1.5302805042237961,0.8207558512517694,1.8168861463551327,-0.6023802870458702
0.22514751441325576,-0.41181602664020217,-2.013678093556677,-1.7276655649512034,0.4575283619161284,-0.131942498430233,0.9644793079719112,-2.6196932872355307,-0.1308241534968719,0.830107585554754,-0.7827368902026391,-1.218389120802316,1.8168861463551327,-0.6023802870458702
0.9345528374955934,1.8052285313151257,-1.1328913303228731,-0.4677552107268835,0.7245459356719705,-2.1572529112445222,-0.7705308134689017,1.3131740252594333,-0.5891552142422208,1.1626958442579982,-0.17107687039788935,0.8207558512517694,-0.5503922202313595,1.6600808849573983
0.22514751441325576,0.47500179654192903,-0.4931113994967911,-1.3546097327122981,0.3460736110059253,0.39055946582252216,-0.5729311030574246,0.7893764051275556,-1.1713661843935534,-0.5462841414071202,-1.4377254778216346,-1.218389120802316,-0.5503922202313595,-0.6023802870458702
-0.05861461481967927,1.3618196197240602,0.7908158003033453,0.1324322936137219,-0.5696243366194693,0.017203787624860543,-0.4956325902848748,-0.045311929231976356,-1.8907072239848006,-0.30030532005688193,-1.765066923779486,-1.218389120802316,-0.5503922202313595,-0.6023802870458702
1.9277202898108659,1.3618196197240602,-0.7362813220681531,-1.322905194495955,-1.2306448980733076,1.3156560569351883,1.5960193364234467,0.5607650531402874,1.2566287232814866,-2.34896178062365,1.543057492507196,0.8207558512517694,-0.5503922202313595,1.6600808849573983
1.2183149667285285,-0.41181602664020217,0.9071094988091273,0.6675236984062867,-0.2770912923081422,1.490578840290429,-0.12806186856496865,1.4942158926684976,1.0466983939205565,-1.0914794919499604,0.655574291432244,0.8207558512517694,1.8168861463551327,-0.6023802870458702
-0.05861461481967927,0.47500179654192903,-0.2800911020100539,1.0056243852692568,-0.23687165706994562,-1.4972764825237772,-1.1809740373867172,-0.7951316145282665,-1.6786694262680584,-0.03243025583030625,0.23831523233987217,0.8207558512517694,-0.5503922202313595,1.6600808849573983
-0.05861461481967927,-1.2986338498223333,0.7032088420923803,-1.5612760753106312,-0.20519127469668827,1.0586422248407175,1.4584098689252512,0.45242411238866914,-0.39482604905130136,-1.3312983916962036,0.8524706720120984,0.8207558512517694,-0.5503922202313595,1.6600808849573983
-0.6261388732855493,-1.2986338498223333,0.8831579919702304,-0.8859963164436571,-1.9558775097594372,-0.3559973657447101,-0.7438317068911096,0.9539206380663121,1.5956773317975421,-0.411648907883631,0.5962884904299505,-1.218389120802316,-0.5503922202313595,1.6600808849573983
0.5089096436461907,1.3618196197240602,1.0026794227618254,0.9494039734894112,-1.4466865883956752,1.6876402353449043,1.6382548344298358,-1.359344944988291,2.0261735776979846,-0.5852166749341017,-0.6664045863670524,-1.218389120802316,1.8168861463551327,-0.6023802870458702
-0.6261388732855493,-0.41181602664020217,-1.4275559587581252,0.1330816738111587,0.41161796638077214,-0.630890890964339,-1.0764972056754687,-0.7539705687878189,-0.3621764069583881,0.506579902810721,-0.5901278272109097,-1.218389120802316,-0.5503922202313595,1.6600808849573983
-1.4774252609843543,-0.41181602664020217,-0.7621217977515572,1.6553238198100175,-0.4606736036272395,0.9872791170199414,0.42395101552320896,-0.9312781688740054,-0.2991846785223858,-1.2045528823544251,0.1510262014893647,0.8207558512517694,-0.5503922202313595,-0.6023802870458702
-0.2004956794361468,0.47500179654192903,-0.09882020762753164,1.343506823223661,-0.8662722680370237,0.582295401848629,-0.8443517252569915,1.768553196833669,1.0371598508750917,0.5268566597021159,0.04879595588003979,0.8207558512517694,1.8168861463551327,-0.6023802870458702
0.7926717728791258,-0.41181602664020217,0.45291050185716364,-0.14394683023461766,0.752028402220576,-0.9224202691786364,-1.3906436168668395,-0.14612408581099057,-2.262487150394132e-05,1.815099358616349,-2.6167501996402978,-1.218389120802316,-0.5503922202313595,-0.6023802870458702
-2.541533245607861,-0.41181602664020217,0.9026985137614976,0.2287327960113052,-0.21294773566337546,0.7449836005218798,0.04817392788476725,1.196987217602832,0.7037564724889356,-1.8905200719302298,-0.23193174785295928,0.8207558512517694,-0.5503922202313595,-0.6023802870458702
-1.1936631317514195,1.3618196197240602,-0.037462028270819944,-0.5225092449117598,-1.3552677742115766,0.48731046229969704,-0.19218667916432067,-0.44416915854166544,0.5176172028983024,-1.046045988951682,-0.9573868974626232,-1.218389120802316,-0.5503922202313595,1.6600808849573983
1.0764339021120608,-0.41181602664020217,0.006832531822249355,-0.959827651208047,2.191437291459858,0.09018071334401943,-0.9520237906097329,-0.25074047640613023,1.5983663341559504,0.8006889823820011,-0.10244610272494335,-1.218389120802316,-0.5503922202313595,-0.6023802870458702
1.5020770959614633,0.47500179654192903,-0.2407976971890998,-0.46927197733625314,1.9602931693733106,-0.24241779693556978,0.2772771418841945,-1.5787799845833168,0.6835712555847322,-0.7781105574715703,0.20991067226061627,0.8207558512517694,-0.5503922202313595,-0.6023802870458702
-0.05861461481967927,-1.2986338498223333,-0.3049879555756926,0.24503827093295913,-0.9775486230817984,-0.27249189985132766,0.48568762049297665,1.717816786846426,0.21616426680577616,-0.324685632421068,1.4387069462628843,-1.218389120802316,-0.5503922202313595,1.6600808849573983
-0.3423767440526143,-0.41181602664020217,-0.30593871703583125,-0.5673053482630962,0.25737856318308994,-0.5803587246753004,-2.4055585075529344,-1.0876621851438468,-0.21095881344954384,0.023865782449466785,-1.2980044511306983,0.8207558512517694,-0.5503922202313595,-0.6023802870458702
1.0764339021120608,0.47500179654192903,0.38596152087658003,1.531950724830586,-0.09944638385621138,0.5666473333006943,-0.7590096054826687,0.9334363319622307,0.8976619558705803,-1.5321095419347779,1.0070813761931638,0.8207558512517694,-0.5503922202313595,1.6600808849573983
0.9345528374955934,-1.2986338498223333,0.43375210830654554,0.7181755520541243,-1.5016823733914904,2.3445654354845886,1.488834133997949,1.9284409614607227,0.17161398650030718,-0.8696937966877986,1.5412148070727636,0.8207558512517694,-0.5503922202313595,-0.6023802870458702
0.22514751441325576,0.47500179654192903,0.2824710293380609,0.09352020451490897,1.57662194633655,0.3317897192009882,-0.1785144764389884,-0.14465432382531757,0.09142367037462809,0.5592856675123277,-1.0800948463299582,0.8207558512517694,-0.5503922202313595,1.6600808849573983
0.6507907082626583,0.47500179654192903,0.7858438497791507,0.7874167910573834,1.6610467715259605,0.58031519548212,-0.03470178351284504,-2.6196932872355307,0.9749730399982233,0.771045484599493,-1.7904018921786493,-1.218389120802316,-0.5503922202313595,-0.6023802870458702
-1.335544196367887,1.3618196197240602,0.44732917691530716,-1.0525499732142842,1.8025026871685996,-0.49189704528183686,-0.21167683853333144,-2.6196932872355307,-0.4145660905111026,-0.08572460290124363,0.6107712464891263,0.8207558512517694,-0.5503922202313595,1.6600808849573983
0.36702857902972325,-1.2986338498223333,-0.06096917570361771,-2.4490636267355317,0.009368267963777158,-0.1405231901102424,0.9182653099510678,0.18021691017093852,-1.2813279607698063,-1.57995100824158,-1.161231542405447,-1.218389120802316,-0.5503922202313595,1.6600808849573983
-1.335544196367887,-1.2986338498223333,0.6599114924591263,1.7588358939610274,-0.6073514157698504,0.19656007423122732,0.8359941443144121,0.36093022769025984,-0.571671485298461,-1.152009020317345,0.08008247578067514,0.8207558512517694,-0.5503922202313595,-0.6023802870458702
1.5020770959614633,-1.2986338498223333,-1.216017338156267,0.13628706635984578,-1.193784340971507,1.5126751812995403,0.5929628365177194,1.776560527675614,0.47370702967279543,-1.0070358405697004,1.0395582808243136,-1.218389120802316,-0.5503922202313595,-0.6023802870458702
-0.3423767440526143,-1.2986338498223333,1.213833989462001,1.0322330854801753,-0.8700238919602569,0.09892672760252019,0.8298475022962682,0.8248652814508398,1.2471258927703273,-2.0427104547224584,-0.4273228050581516,0.8207558512517694,1.8168861463551327,-0.6023802870458702
-0.7680199379020168,-0.41181602664020217,-0.2352733057879265,0.8294761105381749,-2.131787313085045,-0.10572823542196054,-0.049596996553090654,0.17473337722251572,0.6275456595800386,-0.5009918175184792,-0.12485720983164098,-1.218389120802316,-0.5503922202313595,-0.6023802870458702
-0.9099010025184844,-1.2986338498223333,0.8684507767328725,0.2800681151726167,-0.31760789204113243,0.12065692337367782,1.163620288129369,1.3810344522495914,0.5865610643994706,0.6513605518456201,1.6170068501434331,0.8207558512517694,-0.5503922202313595,1.6600808849573983
0.6507907082626583,-0.41181602664020217,0.826287820139039,-0.023009693232575467,-0.8359557426166286,-0.20176642157972113,-0.27395831964349954,0.7777411335654675,0.8886102386758244,-0.505089477142263,0.17952448772596888,-1.218389120802316,-0.5503922202313595,-0.6023802870458702
2.211482419043801,-0.41181602664020217,0.3492803848774714,1.8329615817933986,-1.9936773820992328,-0.447316142177645,0.4211803107022936,0.9382725232123761,0.6482062513793818,-1.0241300990253621,0.677815150781523,0.8207558512517694,-0.5503922202313595,-0.6023802870458702
-0.2004956794361468,-1.2986338498223333,0.953258429918276,-1.459864755113562,-1.6002236884816339,-0.7656930183407157,-0.665029488784876,1.1596985928500108,-0.7442339744932369,1.2137494398363007,-0.5555808823212778,0.8207558512517694,1.8168861463551327,-0.6023802870458702
1.0764339021120608,-1.2986338498223333,0.7733026772153041,0.03721510912025238,-1.5356950167158656,1.262443962919777,-0.31688526895265395,0.63776484434384,1.720966869057151,-0.8421927612694202,0.27711713538188865,-1.218389120802316,-0.5503922202313595,-0.6023802870458702
-0.3423767440526143,-0.41181602664020217,0.419247033992615,0.06693091698821808,0.20591957787278733,1.1151943118042056,0.18992023103157568,-0.8445303868442136,-0.6368349759252323,0.4653241385748054,-0.4858970307296014,-1.218389120802316,-0.5503922202313595,-0.6023802870458702
0.36702857902972325,0.47500179654192903,-0.3999425631226487,0.025441271532635253,1.6271914463415476,-0.04814064577585125,0.1021195275362876,-0.3568330915122429,0.599274152197979,0.694082204825021,1.5039363711253375,0.8207558512517694,-0.5503922202313595,-0.6023802870458702
-1.0517820671349518,-1.2986338498223333,-0.6016015956057098,-1.0390261876791504,-0.5174900537972549,-0.7734563437626804,1.1250991986340508,-1.1091857016319546,-0.7781766899133172,-0.22174062350838347,-0.571414256129953,-1.218389120802316,-0.5503922202313595,-0.6023802870458702
0.6507907082626583,-0.41181602664020217,1.5593117557877711,1.8263938004940017,0.58918411361045,0.1382492036796483,-0.1170854823033448,-0.14473380357464902,-0.18448969411116445,-0.52056942866641,-0.36088816685129466,-1.218389120802316,-0.5503922202313595,-0.6023802870458702
-0.9099010025184844,-1.2986338498223333,1.3169818752302662,-0.31138116887434325,-1.0728069414651586,0.8474055087475655,0.9246205785932191,-1.1546686780174498,0.5933274781899148,-0.8425390924729261,0.6329631470880432,-1.218389120802316,-0.5503922202313595,1.6600808849573983
0.5089096436461907,0.47500179654192903,0.3640383856266831,-0.7700102148957315,-0.9050609836912691,1.0601929587736505,1.0300860842019846,1.1321877990047393,0.5867938052732854,0.4263616732136157,1.3892394339517256,0.8207558512517694,-0.5503922202313595,-0.6023802870458702
-0.7680199379020168,-1.2986338498223333,0.44178647857112935,-1.1985799106207238,-0.8299445855563079,1.186066109206766,-1.1100582250683126,-0.23171572549315345,-0.8401205786510357,-1.1354382464761228,-1.072352963423718,0.8207558512517694,-0.5503922202313595,-0.6023802870458702
0.7926717728791258,1.3618196197240602,-1.6411045080567188,-0.05239930759007038,1.1579882308839669,-1.7098573055868787,-0.9981301244553936,-1.1960943441396599,0.294776669591934,0.9474175864071842,-0.518612507962667,-1.218389120802316,-0.5503922202313595,-0.6023802870458702
-1.335544196367887,0.47500179654192903,-0.7958159345063437,0.5914002910009651,-0.276768327939526,0.3253661209073046,1.8724659105556685,0.08393851986637213,-1.1091751604644249,-0.16730798378316783,0.5553129989232046,0.8207558512517694,-0.5503922202313595,-0.6023802870458702
-0.4842578086690818,-1.2986338498223333,1.103568254375256,0.4047804112315028,0.7683312286496764,1.3483708773547916,1.4843944876774748,0.31714069807144785,0.7014432247196634,-0.27054522669937986,0.6838506895226617,-1.218389120802316,-0.5503922202313595,-0.6023802870458702
1.360196031344996,1.3618196197240602,0.2517680805426106,-2.007393515667927,1.3404654378963863,1.3297769315140016,-1.5824775346871292,-1.5738634673388316,-0.5839734743363425,0.6643884004489912,0.6530662188642192,0.8207558512517694,-0.5503922202313595,-0.6023802870458702
-0.7680199379020168,0.47500179654192903,1.162537051090083,0.3844679478304991,0.10949649153259607,-0.027172807114821385,1.642417062634312,-0.27718389747582295,1.613580501885701,-1.559427347704354,1.270399717374521,0.8207558512517694,1.8168861463551327,-0.6023802870458702
-1.4774252609843543,-1.2986338498223333,-0.8187584495677085,-1.1785226946316465,-0.24480614424485422,-0.21398091991823154,1.520931193625866,0.31213596581353936,1.0037994720657522,-0.000903727103906931,0.021274013195749845,0.8207558512517694,-0.5503922202313595,-0.6023802870458702
-1.619306325600822,-1.2986338498223333,0.7795988637308071,1.2521764051469273,0.18003346412913612,0.17832197044313652,-0.16256673198732813,-0.5304227072453528,1.6189244676053727,-1.1851940192940642,0.7377834590710404,0.8207558512517694,-0.5503922202313595,-0.6023802870458702
1.0764339021120608,-1.2986338498223333,0.36850510438037737,1.2757535448536435,-0.8485453359310372,-0.07989533311845333,-0.25826795698410354,-0.018198307998197622,0.709405145636746,-1.0586508596340571,1.2939195796765388,-1.218389120802316,1.8168861463551327,-0.6023802870458702
-0.3423767440526143,-1.2986338498223333,0.3305039147381326,0.3091054975674643,0.07631062245002945,1.024246738410799,0.5450637788076528,-0.3550828150169466,1.7409106028299697,-0.006586485448786606,0.22436053896338679,0.8207558512517694,-0.5503922202313595,-0.6023802870458702
0.36702857902972325,1.8052285313151257,0.38268394269712885,1.0185970737542613,0.3739568638064158,-2.216119044599987,0.045685768038362946,1.1075846923325983,-1.1107699313936623,-0.05905531571444127,-0.7183206883434756,0.8207558512517694,-0.5503922202313595,1.6600808849573983
-0.4842578086690818,-1.2986338498223333,-1.653833667717479,-1.30226889215378,0.25612253161348947,0.09891379428943346,-1.4636437907738131,-0.8090179289255942,-0.561075679008624,0.2769770976363242,0.16680231979567658,-1.218389120802316,-0.5503922202313595,-0.6023802870458702
-0.05861461481967927,1.3618196197240602,-1.5729756414493548,2.117838298984514,-0.8627810461832279,1.4323318107226424,-0.5894814153851234,1.0025054699916163,0.9891505349040911,-1.2078536718381285,1.2970750589670106,0.8207558512517694,-0.5503922202313595,1.6600808849573983
-1.335544196367887,-0.41181602664020217,-0.847773195734684,1.1267085133741597,-1.233265364582368,0.009418189653475165,0.09789184167119627,0.04461898672852883,0.40071116053153305,0.11737758726669666,-0.5710477789145119,-1.218389120802316,1.8168861463551327,-0.6023802870458702
-1.7611873902172894,1.8052285313151257,-0.004682864608753927,-1.8671800909369318,-0.0682263780635298,-1.9607457698173236,0.4134940829938768,-0.8188246878073875,-0.8697796607647137,-0.7866032969209096,-1.901279021905185,-1.218389120802316,-0.5503922202313595,-0.6023802870458702
-0.05861461481967927,0.47500179654192903,1.4843559367684198,0.12608894361774464,-0.36619901252302384,-0.413547531742768,0.3388127544692225,0.08757797622013133,1.721571089236662,0.30939600247835797,-0.5878403788143425,0.8207558512517694,1.8168861463551327,-0.6023802870458702
-0.3423767440526143,-1.2986338498223333,-0.10801603435069254,-1.3609286938510519,0.9815355521695037,0.5302838044038709,0.1681187683999628,-0.7239217669575705,0.047626846416004454,0.6117045011937882,0.533427468366968,0.8207558512517694,-0.5503922202313595,-0.6023802870458702
1.360196031344996,0.47500179654192903,-0.5440172075639668,-1.6983141468955891,0.9672405467960786,-0.03355350284469025,-0.9269698726815906,-0.45694528398318457,-0.8767910658082886,-0.6336710303367079,-1.2951719145086737,-1.218389120802316,-0.5503922202313595,-0.6023802870458702
-1.0517820671349518,1.3618196197240602,-1.8640258439250106,-0.27764893602660995,-0.7974130360832696,-1.9665530004744276,-0.6089228694082444,1.029624411439566,-1.1603288916473624,1.5153396391032372,1.2303565788065922,0.8207558512517694,-0.5503922202313595,-0.6023802870458702
-1.1936631317514195,-0.41181602664020217,0.6830866182088878,-1.3196889225974375,-1.2034428987614727,1.3264559689668651,0.4226194078445632,2.119056891322468,-0.2246082948038852,-1.412588264410275,0.9161701387411687,0.8207558512517694,-0.5503922202313595,-0.6023802870458702
0.5089096436461907,0.47500179654192903,0.050511237566749675,0.8257891793350296,-0.8186368539384359,0.9999788763157673,1.347229784464105,1.7795778125526625,-0.33903646593142744,0.2856040156560917,0.7287340937543787,0.8207558512517694,-0.5503922202313595,-0.6023802870458702
1.360196031344996,-1.2986338498223333,0.1328716676799767,-0.8319656476558703,-0.45519775619998115,0.9543475331356664,0.6804544274277985,1.3195112802013997,-0.3110696527392307,-0.579279628672678,0.04519261478197475,-1.218389120802316,-0.5503922202313595,-0.6023802870458702
-0.4842578086690818,1.3618196197240602,-0.6105124431234,-0.9900356102681948,0.6956030848629448,-1.1836495167340644,0.39406820726124714,-2.1024596261224566,-0.29916622323178615,0.6213394690952008,-0.26927329658618193,-1.218389120802316,-0.5503922202313595,-0.6023802870458702
1.643958160577931,0.47500179654192903,-0.1877521616195018,-0.7990349991866678,1.2122114377579007,-1.4532662996097396,-0.8423707673675509,-1.2875657651692918,-0.8315998487508796,0.462929431141684,1.5795164019903603,-1.218389120802316,1.8168861463551327,-0.6023802870458702
0.6507907082626583,0.47500179654192903,-0.42510024533033647,-0.1696593526858478,1.1567467290380329,-0.9332790871872544,-0.33773146280335614,-1.848315580152328,-0.9048083288233515,0.6837767850561101,-1.4485570465641293,-1.218389120802316,-0.5503922202313595,1.6600808849573983
2.5661850805849697,-0.41181602664020217,0.05702387469831285,-0.9347190791597593,0.5902608292828647,-1.4416427363042417,-0.8067356381003257,-0.7683227373917675,-0.7407692752800178,1.413652441098952,-1.965942495515341,0.8207558512517694,1.8168861463551327,-0.6023802870458702
-0.05861461481967927,0.47500179654192903,1.3192144071137544,0.5873171804266069,0.832438970487842,-1.043022566635728,0.7463713932525566,0.025918639928686753,1.2978116693460782,-0.9387568424921009,-0.8908929527441953,0.8207558512517694,1.8168861463551327,-0.6023802870458702
0.7926717728791258,-1.2986338498223333,0.5072411585659898,-0.7272796820198185,0.9748639719149534,0.3772459215075041,-0.5962544476122681,-0.19386800501605972,0.4565703189059578,-0.6451762899177051,0.5720193315752433,0.8207558512517694,1.8168861463551327,-0.6023802870458702
-1.7611873902172894,-0.41181602664020217,2.1126932651606065,1.1379431177851576,-0.23585239858367035,1.9639433343270487,0.5367560651662979,0.22983152959286504,-1.1381500424425393,1.201304009446447,2.0489272357594386,0.8207558512517694,-0.5503922202313595,1.6600808849573983
-0.05861461481967927,-0.41181602664020217,-2.1783309393380152,0.6344264713806342,0.5038454567786156,-1.275348583894158,-1.4586540594435349,-1.0958141350535053,-1.2062832656061189,0.48806726227512376,-1.6773609509959175,-1.218389120802316,-0.5503922202313595,1.6600808849573983
0.08326644979678824,1.8052285313151257,-0.8318241332104643,0.5734673830274944,1.495142839537403,0.7874770592237773,-0.5145368212171678,-0.00153000016385095,-0.3028615882215312,2.4131718089927174,-0.5715979842353277,-1.218389120802316,-0.5503922202313595,-0.6023802870458702
0.36702857902972325,-0.41181602664020217,-0.24777830750750937,-0.5234792274849502,-0.01006439472354862,-0.2960583687369527,-0.7662130366900313,-1.4007977188748557,-0.93918622119658,0.1537701067637369,0.5266743307159468,0.8207558512517694,-0.5503922202313595,-0.6023802870458702
2.211482419043801,-0.41181602664020217,0.2221902077638326,1.1426413491107685,-2.4796184526946123,0.15154862265391716,0.2615418690862924,0.5432161867627446,-0.5322771129180677,0.2118060107614712,-0.635209763243041,0.8207558512517694,-0.5503922202313595,-0.6023802870458702
-0.7680199379020168,-0.41181602664020217,1.762805936992874,-0.2341921412781951,1.0408508243262888,-0.6410221479458506,0.04306119107225962,-0.48328240228429453,1.2095117578771641,-0.6888291911630431,1.8886484882486065,0.8207558512517694,-0.5503922202313595,-0.6023802870458702
1.0764339021120608,-1.2986338498223333,0.3464363579154134,-0.27744592132874274,-1.8346508153174974,0.7228141749648487,-0.9358662156643469,1.5557718501382098,-0.23341910776013344,0.6320457777728571,0.39517875197878416,0.8207558512517694,1.8168861463551327,-0.6023802870458702
-0.3423767440526143,-1.2986338498223333,-2.314841024624582,-0.19111084147969332,-0.24450307475133223,1.3169637147528301,-0.04768056754555692,-0.023586961149112365,0.47288910567168135,-0.4304569685932453,-2.046837615653554,0.8207558512517694,-0.5503922202313595,-0.6023802870458702
-0.6261388732855493,-0.41181602664020217,0.7233398584812335,0.9511096819387957,-0.7099103429243769,0.47234477218096427,0.35519549508472936,-0.536751740230979,0.5974274258974447,0.1421661018985604,1.8010550152192584,0.8207558512517694,1.8168861463551327,-0.6023802870458702
0.9345528374955934,-0.41181602664020217,1.7823361932111073,-1.3291502193934879,-0.5061393554348849,0.30718060813767406,-2.141599739602772,0.6762625882890061,-0.6306581164184285,0.6920720769633983,0.9848515205540862,0.8207558512517694,-0.5503922202313595,-0.6023802870458702
0.6507907082626583,-1.2986338498223333,-1.1537609164883496,-1.3469312275420142,0.022298481487941172,-0.09821400269517998,1.208989771606287,0.598251754227285,-0.8418488836192257,0.8874126018872053,-1.6233949522617188,-1.218389120802316,-0.5503922202313595,-0.6023802870458702
1.7858392251943984,-1.2986338498223333,-1.4647755609953559,0.3329405167178486,-0.455214419750603,0.5597956535309099,-0.1417378572240177,1.1725579809919142,0.32566520717996306,0.3736320109324792,1.1539003406123973,0.8207558512517694,-0.5503922202313595,1.6600808849573983
0.9345528374955934,0.47500179654192903,-0.016662718351774866,0.8126695032736824,0.17377032922002603,0.2730840511544258,-0.24415901317779734,2.4331023693509337,-0.745847638316084,-0.6543754866679685,0.15823522208283966,0.8207558512517694,1.8168861463551327,-0.6023802870458702
-0.4842578086690818,0.47500179654192903,-0.555166584419804,0.012669430708710612,-0.6550955185767707,0.06747231787560735,-0.37734488882618816,-1.1106113285994172,-1.7939981822224973,1.1467475283922708,0.04571105071185557,0.8207558512517694,-0.5503922202313595,1.6600808849573983
-1.7611873902172894,-0.41181602664020217,1.5606497800584802,0.05881244631136351,0.07843933819445681,-0.7522781206565039,0.5170032732737646,-0.04065527758991771,0.3569668936629772,0.8034707336985237,0.374489306077816,0.8207558512517694,1.8168861463551327,-0.6023802870458702
-0.3423767440526143,-0.41181602664020217,0.10433765281292559,-0.009229911926611422,-1.8353572773630242,1.407353617860868,0.3309395416601825,-1.0678344585219348,0.9839532563706078,-0.8110553905200087,0.07718204886807153,-1.218389120802316,1.8168861463551327,-0.6023802870458702
0.22514751441325576,1.3618196197240602,-0.6624978032965017,-1.164717216820706,2.3874873303232906,0.7244590547776266,-1.110543254481599,-1.0540112673502242,-1.3140410789030756,1.1863811846771106,-0.04620861739794838,-1.218389120802316,-0.5503922202313595,1.6600808849573983
0.08326644979678824,-0.41181602664020217,-0.3108228006253127,-1.0354255405617319,0.538278062894856,-0.8075193708285651,-1.3429997139847611,-1.9125101406944895,-0.5904554526389256,0.5500522084510648,-1.4898857985706588,-1.218389120802316,-0.5503922202313595,-0.6023802870458702
0.5089096436461907,-0.41181602664020217,0.603620071869795,0.12202767975689177,-0.2383655712465615,1.50381225175031,0.3727681705542403,0.6531866619729141,1.144424312277866,-0.048472605687140846,-0.05398938383208661,0.8207558512517694,1.8168861463551327,-0.6023802870458702
-1.4774252609843543,0.47500179654192903,0.05890100849889289,-2.0304320883612874,-0.21734140074732072,-0.4747551455875271,-1.5260675483728974,-1.1451350366549904,-0.45488685711204907,0.8138448793713923,-0.2780430595317765,-1.218389120802316,-0.5503922202313595,-0.6023802870458702
-0.4842578086690818,0.47500179654192903,-1.2373198151880473,-0.0859984404632856,0.6990207128480369,-2.6495784402368647,0.6638613143307937,-0.17730635738458206,-1.9391773813399216,-1.8103249665691656,-0.8901338968207063,-1.218389120802316,-0.5503922202313595,1.6600808849573983
-0.4842578086690818,-0.41181602664020217,1.996658862996683,0.4411624831710382,1.5132272318528925,-2.226908995077009,0.5034804833583344,0.11848197784773976,0.7883910300573522,1.520832315947963,-1.164488266875349,0.8207558512517694,-0.5503922202313595,-0.6023802870458702
0.5089096436461907,-0.41181602664020217,-0.28566850313624276,-0.26696755962457586,-0.12298018523796436,0.5490123940029809,-0.3006385682882123,-0.41227058855202653,0.24279678173797495,-0.10782206345642148,-0.7276294198248506,-1.218389120802316,-0.5503922202313595,-0.6023802870458702
-1.1936631317514195,-1.2986338498223333,-1.1131151647179982,1.6292288737280292,-0.6422808407084667,0.35006170573792106,2.605436442393194,0.5983356951711223,-0.3785079298492194,-0.5772870797204486,0.4212078681091342,0.8207558512517694,-0.5503922202313595,-0.6023802870458702
-1.335544196367887,1.3618196197240602,-2.2516138325795207,-1.00842083928442,-0.017654802791301282,-1.440858973681295,1.1253025766995093,-2.6196932872355307,-1.4308338010823478,0.013465138425068563,-0.4778442701850731,-1.218389120802316,-0.5503922202313595,1.6600808849573983
-0.05861461481967927,-0.41181602664020217,0.38021703048100125,-0.25284583976011554,-0.7127651407645714,-1.5807732350485777,0.7671625535870632,-0.4675249664524024,-0.7298659423363149,1.1289265587904092,-0.40268459551264485,-1.218389120802316,1.8168861463551327,-0.6023802870458702
0.36702857902972325,-1.2986338498223333,-0.7025879679102852,-0.7645486361574534,-0.4129191847451017,-0.8058206537543589,-0.6064867327448764,-0.22353738474144397,0.1485219866200088,1.318648689721864,-0.09093089188453975,-1.218389120802316,-0.5503922202313595,-0.6023802870458702
1.0764339021120608,-0.41181602664020217,-1.1423776916071928,0.22564044462198735,-0.20940701959799946,0.9401386487044407,0.9145253822927569,0.06511381051805502,-0.31391343435408564,-1.2307444351484058,0.9357112562826072,0.8207558512517694,-0.5503922202313595,-0.6023802870458702
-1.1936631317514195,0.47500179654192903,0.478214950602912,0.6180045977473346,-0.5793506674121982,0.7302067510733921,2.2249886560685606,1.5250053165489907,0.3523498035791478,-0.3892242381853619,1.481192599837658,0.8207558512517694,1.8168861463551327,-0.6023802870458702
1.643958160577931,-0.41181602664020217,-0.013195066991286988,0.058297716195640156,-0.525827230702397,0.6947772548079639,2.1565080227553777,0.7341987034360934,0.3326526183173495,-0.23291245366847205,-0.17358879628944787,-1.218389120802316,1.8168861463551327,-0.6023802870458702
-0.2004956794361468,-1.2986338498223333,-1.5993373017982584,-1.4517557296215007,-0.06150149987380933,-0.787994361053267,-0.12290796041510917,0.1761182890900644,-1.273181619752927,0.09817067322499193,0.30930900306957293,0.8207558512517694,-0.5503922202313595,1.6600808849573983
-0.4842578086690818,1.3618196197240602,0.23169919202784903,-0.14254014744095667,0.29597013313702014,-0.1803924664664533,-0.9972637436462587,0.46396967666479205,-1.0639995458264124,0.027139345462990246,0.5534268043568115,0.8207558512517694,-0.5503922202313595,-0.6023802870458702
-0.2004956794361468,-1.2986338498223333,0.6467861353038536,1.8368307949212475,-0.3350494694536808,0.5290285540343804,-0.28613847706536694,0.874396931132582,0.9420122004438101,-1.3314507696569067,-1.2252899084321671,0.8207558512517694,-0.5503922202313595,-0.6023802870458702
-2.186830584066692,-1.2986338498223333,-1.8536204511926724,-0.7425655788936879,0.7523966618910995,1.5379438059019797,0.39250039795909275,-0.6164861676175103,1.1567077804774508,1.2462851386256193,-0.15630093551030522,-1.218389120802316,-0.5503922202313595,-0.6023802870458702
1.2183149667285285,1.8052285313151257,-1.8135091091012452,-0.36853332217844526,1.427554287275645,-0.6800357442326088,-0.6625793889141276,0.43321818291406394,-2.19926055302974,1.2331572762139758,0.3871309279937241,-1.218389120802316,-0.5503922202313595,-0.6023802870458702
-0.7680199379020168,-0.41181602664020217,1.5419783481642695,0.8246691335033013,0.11160829479597503,1.680601093045844,0.3236299280604841,-0.06948924159653017,1.0974737920263218,0.06339692912304225,-0.06014282680052453,0.8207558512517694,-0.5503922202313595,1.6600808849573983
-0.4842578086690818,-0.41181602664020217,-1.9584707086258584,-1.3881935697120067,-0.3326564044806791,-2.548051102811394,-0.021701697138465394,-1.414852938126234,0.018788832823993146,-0.8236134385352546,-1.3001742246108499,0.8207558512517694,1.8168861463551327,-0.6023802870458702
-0.4842578086690818,-1.2986338498223333,0.8202540481590953,0.9705430269022446,-0.46546970272294874,0.30818890836374774,0.6947050175068961,1.7289481672474627,-1.3445125680736443,-0.5626810658700059,0.7176887570840765,0.8207558512517694,-0.5503922202313595,-0.6023802870458702
0.08326644979678824,-0.41181602664020217,-0.0544711757193704,-0.04229528554822055,-0.22605404171297383,-0.02451463813956342,0.4174366757824624,-0.18273528480127604,0.6401502337469647,-0.7162718009766169,2.1503208013944795,0.8207558512517694,-0.5503922202313595,1.6600808849573983
-0.6261388732855493,1.3618196197240602,-0.363204660583698,-0.5466714665478046,2.146751826060347,0.6349504353980827,-0.6902936807322262,-0.25664756803237376,-2.872989470540944,0.260766581934947,0.6683782459698625,-1.218389120802316,1.8168861463551327,-0.6023802870458702
1.0764339021120608,0.47500179654192903,-0.07706713201259602,0.12648080441456644,-0.40300006360313795,-0.9732931131514266,-0.7773252147211914,1.2349587950297558,-0.38905780884299984,-0.43075519804470386,0.4920375862678156,-1.218389120802316,-0.5503922202313595,-0.6023802870458702
0.22514751441325576,-0.41181602664020217,0.8711870667743266,-0.2288411493526176,-0.2412084115759031,0.570490704954396,1.025920275892043,0.11245771070110559,-0.635476869501796,-0.9244144899679392,1.4125890834781634,0.8207558512517694,1.8168861463551327,-0.6023802870458702
-0.3423767440526143,-0.41181602664020217,1.990666187015473,-0.9291173129842808,0.10757859205466769,0.7340041385021046,0.2331874848537734,0.6912444935551045,2.0306097166040087,-1.286183646021246,0.3347081747493849,-1.218389120802316,-0.5503922202313595,1.6600808849573983
0.5089096436461907,0.47500179654192903,0.16021661899678247,0.6278149314439766,0.009663770924455719,2.1668866848120105,-0.06139277452933821,1.463082669067347,-0.3433380321716141,-1.1721876035032546,-0.7075650862556666,0.8207558512517694,-0.5503922202313595,1.6600808849573983
0.36702857902972325,1.3618196197240602,-1.0920129862574801,1.218607469785629,0.3262007265277213,0.7764377621312958,-1.4460945781106778,1.4034793776351144,0.7247268065669535,-0.42867724934724827,-1.0035684125176774,0.8207558512517694,-0.5503922202313595,-0.6023802870458702
0.9345528374955934,-1.2986338498223333,-0.7855976600793891,1.4570460838489256,-0.18180930637248835,0.3993196674752063,2.2600411756561125,2.4844493637933467,0.5656277172820022,-0.7762521416609754,0.43274178327834056,0.8207558512517694,-0.5503922202313595,-0.6023802870458702
0.6507907082626583,-0.41181602664020217,0.46782159719097177,0.42877159838680706,-1.1380457483581163,1.8964740821433568,0.28117692959372004,0.7026513413036466,1.4870492560956479,-0.35525934326617986,0.21938768507182937,-1.218389120802316,-0.5503922202313595,1.6600808849573983
-0.4842578086690818,-1.2986338498223333,-0.1510367573091203,-0.36991040860301483,0.791378990544343,-0.8730531230524292,0.9110594327940299,0.8359132560547475,0.48111749851913094,-0.3009554258910779,0.9562101772509191,-1.218389120802316,-0.5503922202313595,-0.6023802870458702
0.5089096436461907,-0.41181602664020217,-0.09420866387985706,-1.4272928162616143,1.207415555974276,-0.5894876068699496,0.7359186906609093,0.6035022479845612,0.5903250728306341,-0.573518503735052,0.3709764616371057,0.8207558512517694,-0.5503922202313595,-0.6023802870458702
0.6507907082626583,-0.41181602664020217,2.2732274553933225,0.42601578775968957,-2.7337315186245403,-0.27229387056163423,-0.540506014684334,0.5596843500090657,1.2357727091546882,-0.42819919373611043,0.6999691114595318,-1.218389120802316,1.8168861463551327,-0.6023802870458702
-0.05861461481967927,1.3618196197240602,0.5860140715450357,1.6040002208636714,-0.9078197121816456,1.224826680749639,-0.14110441221761114,0.973412016146149,0.14906803908427343,-0.11057173062728458,1.235198671589072,0.8207558512517694,-0.5503922202313595,-0.6023802870458702
1.7858392251943984,-1.2986338498223333,0.7006026575122999,0.9205356664923232,-0.2858647484022062,1.1077050040283845,1.9898283577016138,-0.6778131926272358,0.7425014207706568,-0.7103779574487529,0.3077900385582766,-1.218389120802316,-0.5503922202313595,-0.6023802870458702
-0.2004956794361468,0.47500179654192903,0.0604271373435286,-0.05509782439760932,-1.237861467405961,-0.058849273407040756,-1.226959864855637,-0.18780298049761684,1.2426582298577538,0.874441843304628,-0.44786324346448103,0.8207558512517694,1.8168861463551327,-0.6023802870458702
-1.1936631317514195,1.3618196197240602,0.15052492399359374,-0.1714911048309201,0.08463273892242558,0.9495983249494264,-1.2768361109512814,-1.1071381385324504,-0.7248870747646476,-1.863458045033413,-0.35277842561458334,0.8207558512517694,-0.5503922202313595,1.6600808849573983
-0.6261388732855493,0.47500179654192903,1.7626567026233972,0.7748148158881583,-1.7054017937800072,0.11338113217666866,0.40249480153185163,0.21461825491674386,0.667280241406147,-0.6739190231979358,-0.8646082077614682,-1.218389120802316,-0.5503922202313595,-0.6023802870458702
0.9345528374955934,-0.41181602664020217,0.7200324142640213,-0.745271512488854,-1.0515904819181947,-0.8371225891344999,0.22533552119671474,0.47394112916235515,0.5085666026338422,1.0158744628322598,1.105691367411996,-1.218389120802316,-0.5503922202313595,-0.6023802870458702
-0.3423767440526143,0.47500179654192903,-0.15857434811816148,0.4643193682933362,1.0969592352671742,1.066226542629113,-0.14083186773612444,-0.15615590580558208,-1.4184980309586765,1.378406566653183,1.2349287392361465,-1.218389120802316,-0.5503922202313595,-0.6023802870458702
-0.4842578086690818,1.3618196197240602,-0.028519463086951812,0.43970796922479694,-0.67883738060307,1.1900106884809185,0.027494868497545927,-0.4985986493297436,1.254135656718123,-1.1871786847698795,1.243660997236021,0.8207558512517694,1.8168861463551327,-0.6023802870458702
0.7926717728791258,1.3618196197240602,-0.5516980206783535,-1.2020800826737121,0.7427261511259342,0.1737765381677558,-0.5523375060376966,0.6302710336215911,-0.5315755753895062,-0.4470191938656816,-0.39031611495940277,-1.218389120802316,1.8168861463551327,-0.6023802870458702
-2.186830584066692,-0.41181602664020217,0.7694203433407921,-0.6194163503131217,1.9462777679464571,-0.1977158611853717,0.8330512100702724,-0.12142379360169415,-0.02401546799327789,1.5532057119780982,-1.3157653998550776,0.8207558512517694,-0.5503922202313595,-0.6023802870458702
-1.0517820671349518,-0.41181602664020217,-0.3291200396048231,-1.5713873467769275,-0.13845899328154254,1.4966885065294606,-0.6723507845679673,-0.7250232619525299,-1.4150737164754614,1.4276201498016776,-0.18530089889648044,0.8207558512517694,-0.5503922202313595,1.6600808849573983
-0.7680199379020168,-0.41181602664020217,-1.3537833122446672,1.0088409778263863,2.5362780554844195,0.33211323970574724,-1.0530873875566342,-1.0324689635860629,-1.0554558307989184,-0.7792331111982801,0.30710501362822623,0.8207558512517694,-0.5503922202313595,-0.6023802870458702
-0.9099010025184844,1.3618196197240602,0.5860214533405472,-0.7288093284784969,0.7852822163715854,0.44628305490976794,-0.26439826846162573,-0.7578174348491508,-0.17868182523974324,0.7312768372803339,-0.6168654344978494,0.8207558512517694,1.8168861463551327,-0.6023802870458702
